FTR,HTHG,HTAG,HTR,HS,AS,HST,AST,HC,AC,HF,AF,HY,AY,HR,AR,Season,home_Bielefeld,away_Aachen,away_Augsburg,away_Bayern Munich,away_Bochum,away_Cottbus,away_Dortmund,away_Duisburg,away_Dusseldorf,away_Ein Frankfurt,away_FC Koln,away_Freiburg,away_Greuther Furth,away_Hamburg,away_Hannover,away_Hansa Rostock,away_Hertha,away_Hoffenheim,away_Kaiserslautern,away_Karlsruhe,away_Leverkusen,away_M'gladbach,away_Mainz,away_Munich 1860,away_Nurnberg,away_RB Leipzig,away_Schalke 04,away_St Pauli,away_Stuttgart,away_Ulm,away_Union Berlin,away_Unterhaching,away_Werder Bremen,away_Wolfsburg
1.0,1.0,0.0,1.0,0,0,0,0,0,0,0,0,0,0,0,0,02-03,1,0,0,0,0,0,0,0,0,0,0,0,0,0,0,0,0,0,0,0,0,0,0,0,0,0,0,0,0,0,0,0,1,0
1.0,1.0,0.0,1.0,0,0,0,0,0,0,0,0,0,0,0,0,02-03,1,0,0,0,0,0,0,0,0,0,0,0,0,0,0,0,0,0,0,0,0,0,0,0,0,0,0,0,0,0,0,0,0,1
0.0,0.0,0.0,1.0,0,0,0,0,0,0,0,0,0,0,0,0,02-03,1,0,0,0,0,0,0,0,0,0,0,0,0,0,0,0,1,0,0,0,0,0,0,0,0,0,0,0,0,0,0,0,0,0
1.0,1.0,1.0,1.0,0,0,0,0,0,0,0,0,0,0,0,0,02-03,1,0,0,0,0,0,0,0,0,0,0,0,0,0,0,0,0,0,0,0,0,0,0,0,0,0,1,0,0,0,0,0,0,0
1.0,1.0,0.0,1.0,0,0,0,0,0,0,0,0,0,0,0,0,02-03,1,0,0,0,0,0,0,0,0,0,0,0,0,1,0,0,0,0,0,0,0,0,0,0,0,0,0,0,0,0,0,0,0,0
0.0,0.0,0.0,1.0,0,0,0,0,0,0,0,0,0,0,0,0,02-03,1,0,0,0,0,0,0,0,0,0,0,0,0,0,0,0,0,0,0,0,0,0,0,0,1,0,0,0,0,0,0,0,0,0
1.0,1.0,1.0,1.0,0,0,0,0,0,0,0,0,0,0,0,0,02-03,1,0,0,0,0,0,0,0,0,0,0,0,0,0,0,0,0,0,0,0,1,0,0,0,0,0,0,0,0,0,0,0,0,0
1.0,1.0,0.0,1.0,0,0,0,0,0,0,0,0,0,0,0,0,02-03,1,0,0,0,0,0,0,0,0,0,0,0,0,0,0,1,0,0,0,0,0,0,0,0,0,0,0,0,0,0,0,0,0,0
1.0,0.0,0.0,1.0,0,0,0,0,0,0,0,0,0,0,0,0,02-03,1,0,0,1,0,0,0,0,0,0,0,0,0,0,0,0,0,0,0,0,0,0,0,0,0,0,0,0,0,0,0,0,0,0
0.0,0.0,1.0,0.0,0,0,0,0,0,0,0,0,0,0,0,0,02-03,1,0,0,0,0,0,0,0,0,0,0,0,0,0,0,0,0,0,0,0,0,0,0,0,0,0,0,0,1,0,0,0,0,0
1.0,1.0,0.0,1.0,0,0,0,0,0,0,0,0,0,0,0,0,02-03,1,0,0,0,0,0,0,0,0,0,0,0,0,0,0,0,0,0,0,0,0,1,0,0,0,0,0,0,0,0,0,0,0,0
1.0,0.0,0.0,1.0,0,0,0,0,0,0,0,0,0,0,0,0,02-03,1,0,0,0,0,0,1,0,0,0,0,0,0,0,0,0,0,0,0,0,0,0,0,0,0,0,0,0,0,0,0,0,0,0
1.0,2.0,1.0,1.0,0,0,0,0,0,0,0,0,0,0,0,0,02-03,1,0,0,0,0,0,0,0,0,0,0,0,0,0,0,0,0,0,0,0,0,0,0,1,0,0,0,0,0,0,0,0,0,0
1.0,0.0,2.0,0.0,0,0,0,0,0,0,0,0,0,0,0,0,02-03,1,0,0,0,0,1,0,0,0,0,0,0,0,0,0,0,0,0,0,0,0,0,0,0,0,0,0,0,0,0,0,0,0,0
0.0,1.0,1.0,1.0,0,0,0,0,0,0,0,0,0,0,0,0,02-03,1,0,0,0,1,0,0,0,0,0,0,0,0,0,0,0,0,0,0,0,0,0,0,0,0,0,0,0,0,0,0,0,0,0
0.0,0.0,0.0,1.0,0,0,0,0,0,0,0,0,0,0,0,0,02-03,1,0,0,0,0,0,0,0,0,0,0,0,0,0,1,0,0,0,0,0,0,0,0,0,0,0,0,0,0,0,0,0,0,0
1.0,0.0,0.0,1.0,14,6,0,0,8,3,15,17,0,2,0,1,04-05,1,0,0,0,0,0,0,0,0,0,0,0,0,0,0,0,0,0,0,0,0,1,0,0,0,0,0,0,0,0,0,0,0,0
0.0,0.0,1.0,0.0,21,8,0,0,13,2,18,22,1,4,0,1,04-05,1,0,0,0,1,0,0,0,0,0,0,0,0,0,0,0,0,0,0,0,0,0,0,0,0,0,0,0,0,0,0,0,0,0
1.0,0.0,0.0,1.0,15,18,0,0,4,3,17,20,2,4,0,1,04-05,1,0,0,0,0,0,0,0,0,0,0,0,0,0,0,0,0,0,0,0,0,0,1,0,0,0,0,0,0,0,0,0,0,0
0.0,0.0,1.0,0.0,8,12,0,0,6,3,9,22,0,0,0,0,04-05,1,0,0,0,0,0,0,0,0,0,0,0,0,0,0,0,0,0,0,0,0,0,0,0,0,0,0,0,1,0,0,0,0,0
1.0,1.0,0.0,1.0,11,13,0,0,6,1,19,19,1,1,0,0,04-05,1,0,0,0,0,0,0,0,0,0,0,0,0,0,0,0,1,0,0,0,0,0,0,0,0,0,0,0,0,0,0,0,0,0
1.0,1.0,0.0,1.0,16,17,0,0,4,5,19,19,2,4,0,1,04-05,1,0,0,0,0,0,1,0,0,0,0,0,0,0,0,0,0,0,0,0,0,0,0,0,0,0,0,0,0,0,0,0,0,0
1.0,1.0,0.0,1.0,14,15,0,0,2,9,13,20,1,1,0,1,04-05,1,0,0,0,0,0,0,0,0,0,0,0,0,0,0,0,0,0,0,0,0,0,0,0,0,0,0,0,0,0,0,0,1,0
1.0,0.0,0.0,1.0,23,5,0,0,7,2,14,38,1,5,0,0,04-05,1,0,0,0,0,0,0,0,0,0,0,0,0,0,0,1,0,0,0,0,0,0,0,0,0,0,0,0,0,0,0,0,0,0
0.0,0.0,1.0,0.0,15,8,0,0,12,2,21,23,1,1,0,0,04-05,1,0,0,0,0,0,0,0,0,0,0,0,0,0,1,0,0,0,0,0,0,0,0,0,0,0,0,0,0,0,0,0,0,0
1.0,1.0,0.0,1.0,10,17,0,0,1,9,16,20,2,2,0,0,04-05,1,0,0,1,0,0,0,0,0,0,0,0,0,0,0,0,0,0,0,0,0,0,0,0,0,0,0,0,0,0,0,0,0,0
1.0,2.0,1.0,1.0,12,20,0,0,3,2,5,22,0,1,0,0,04-05,1,0,0,0,0,0,0,0,0,0,0,0,0,0,0,0,0,0,0,0,0,0,0,0,1,0,0,0,0,0,0,0,0,0
0.0,2.0,3.0,0.0,19,10,0,0,5,3,21,33,3,3,0,1,04-05,1,0,0,0,0,0,0,0,0,0,0,0,0,1,0,0,0,0,0,0,0,0,0,0,0,0,0,0,0,0,0,0,0,0
1.0,0.0,0.0,1.0,12,12,0,0,8,5,17,24,1,2,0,0,04-05,1,0,0,0,0,0,0,0,0,0,0,0,0,0,0,0,0,0,0,0,1,0,0,0,0,0,0,0,0,0,0,0,0,0
0.0,0.0,2.0,0.0,19,16,0,0,7,7,15,31,2,2,0,0,04-05,1,0,0,0,0,0,0,0,0,0,0,0,0,0,0,0,0,0,1,0,0,0,0,0,0,0,0,0,0,0,0,0,0,0
1.0,1.0,1.0,1.0,18,11,0,0,2,7,13,15,0,1,0,0,04-05,1,0,0,0,0,0,0,0,0,0,0,1,0,0,0,0,0,0,0,0,0,0,0,0,0,0,0,0,0,0,0,0,0,0
0.0,0.0,1.0,0.0,18,17,0,0,6,5,19,23,1,6,0,0,04-05,1,0,0,0,0,0,0,0,0,0,0,0,0,0,0,0,0,0,0,0,0,0,0,0,0,0,1,0,0,0,0,0,0,0
0.0,1.0,1.0,1.0,16,15,0,0,7,9,13,19,1,1,0,0,04-05,1,0,0,0,0,0,0,0,0,0,0,0,0,0,0,0,0,0,0,0,0,0,0,0,0,0,0,0,0,0,0,0,0,1
0.0,0.0,0.0,1.0,14,13,0,0,2,3,22,20,3,3,0,0,05-06,1,0,0,0,0,0,0,0,0,0,0,0,0,1,0,0,0,0,0,0,0,0,0,0,0,0,0,0,0,0,0,0,0,0
1.0,2.0,0.0,1.0,6,18,0,0,3,6,28,23,2,3,0,0,05-06,1,0,0,0,0,0,0,0,0,0,0,0,0,0,0,0,0,0,0,0,0,0,1,0,0,0,0,0,0,0,0,0,0,0
1.0,0.0,0.0,1.0,12,7,0,0,4,3,12,16,0,1,0,0,05-06,1,0,0,0,0,0,0,0,0,0,0,0,0,0,0,0,0,0,1,0,0,0,0,0,0,0,0,0,0,0,0,0,0,0
0.0,0.0,1.0,0.0,9,11,0,0,6,6,16,9,1,1,0,0,05-06,1,0,0,0,0,0,0,0,0,0,0,0,0,0,0,0,0,0,0,0,0,1,0,0,0,0,0,0,0,0,0,0,0,0
1.0,2.0,0.0,1.0,11,18,0,0,0,7,23,18,0,1,0,0,05-06,1,0,0,0,0,0,0,0,0,0,0,0,0,0,0,0,1,0,0,0,0,0,0,0,0,0,0,0,0,0,0,0,0,0
1.0,1.0,0.0,1.0,14,12,0,0,2,4,15,15,1,2,0,0,05-06,1,0,0,0,0,0,0,0,0,0,0,0,0,0,1,0,0,0,0,0,0,0,0,0,0,0,0,0,0,0,0,0,0,0
0.0,0.0,0.0,1.0,12,12,0,0,5,3,20,21,1,1,0,0,05-06,1,0,0,1,0,0,0,0,0,0,0,0,0,0,0,0,0,0,0,0,0,0,0,0,0,0,0,0,0,0,0,0,0,0
0.0,0.0,0.0,1.0,12,18,0,0,4,7,18,18,4,2,0,0,05-06,1,0,0,0,0,0,0,0,0,0,0,0,0,0,0,0,0,0,0,0,0,0,0,0,0,0,1,0,0,0,0,0,0,0
1.0,0.0,1.0,0.0,15,7,0,0,9,2,20,24,0,4,0,0,05-06,1,0,0,0,0,0,0,0,0,0,1,0,0,0,0,0,0,0,0,0,0,0,0,0,0,0,0,0,0,0,0,0,0,0
0.0,0.0,0.0,1.0,11,10,0,0,1,2,26,30,1,3,0,0,05-06,1,0,0,0,0,0,0,0,0,0,0,0,0,0,0,0,0,0,0,0,0,0,0,0,0,0,0,0,0,0,0,0,1,0
1.0,1.0,1.0,1.0,8,6,0,0,4,1,18,25,1,4,0,0,05-06,1,0,0,0,0,0,0,0,0,0,0,0,0,0,0,0,0,0,0,0,0,0,0,0,0,0,0,0,1,0,0,0,0,0
1.0,1.0,0.0,1.0,14,12,0,0,7,3,15,17,2,1,0,0,05-06,1,0,0,0,0,0,1,0,0,0,0,0,0,0,0,0,0,0,0,0,0,0,0,0,0,0,0,0,0,0,0,0,0,0
1.0,1.0,0.0,1.0,10,5,0,0,7,2,19,25,3,3,0,0,05-06,1,0,0,0,0,0,0,0,0,0,0,0,0,0,0,0,0,0,0,0,1,0,0,0,0,0,0,0,0,0,0,0,0,0
1.0,0.0,0.0,1.0,8,10,0,0,4,2,21,22,0,2,0,0,05-06,1,0,0,0,0,0,0,0,0,0,0,0,0,0,0,0,0,0,0,0,0,0,0,0,1,0,0,0,0,0,0,0,0,0
1.0,0.0,0.0,1.0,11,11,0,0,7,4,15,24,3,3,0,1,05-06,1,0,0,0,0,0,0,0,0,1,0,0,0,0,0,0,0,0,0,0,0,0,0,0,0,0,0,0,0,0,0,0,0,0
0.0,0.0,1.0,0.0,16,10,0,0,8,0,19,15,4,2,0,0,05-06,1,0,0,0,0,0,0,0,0,0,0,0,0,0,0,0,0,0,0,0,0,0,0,0,0,0,0,0,0,0,0,0,0,1
0.0,0.0,0.0,1.0,14,11,0,0,7,8,15,21,2,0,0,0,05-06,1,0,0,0,0,0,0,1,0,0,0,0,0,0,0,0,0,0,0,0,0,0,0,0,0,0,0,0,0,0,0,0,0,0
0.0,0.0,1.0,0.0,15,13,9,9,4,7,16,25,1,1,0,2,06-07,1,0,0,0,0,0,0,0,0,0,0,0,0,0,0,0,0,0,0,0,0,0,0,0,0,0,0,0,1,0,0,0,0,0
1.0,1.0,1.0,1.0,11,15,6,9,2,11,25,12,3,1,0,0,06-07,1,0,0,1,0,0,0,0,0,0,0,0,0,0,0,0,0,0,0,0,0,0,0,0,0,0,0,0,0,0,0,0,0,0
1.0,0.0,1.0,0.0,10,11,5,8,2,4,16,27,2,2,0,0,06-07,1,0,0,0,0,1,0,0,0,0,0,0,0,0,0,0,0,0,0,0,0,0,0,0,0,0,0,0,0,0,0,0,0,0
1.0,0.0,0.0,1.0,16,14,5,6,3,2,10,20,2,3,0,0,06-07,1,0,0,0,0,0,0,0,0,0,0,0,0,0,0,0,0,0,0,0,0,0,1,0,0,0,0,0,0,0,0,0,0,0
1.0,2.0,0.0,1.0,19,9,13,3,4,3,7,17,0,3,0,0,06-07,1,1,0,0,0,0,0,0,0,0,0,0,0,0,0,0,0,0,0,0,0,0,0,0,0,0,0,0,0,0,0,0,0,0
1.0,1.0,1.0,1.0,16,8,8,5,3,6,20,20,1,4,0,0,06-07,1,0,0,0,0,0,0,0,0,0,0,0,0,0,0,0,1,0,0,0,0,0,0,0,0,0,0,0,0,0,0,0,0,0
1.0,0.0,0.0,1.0,18,7,11,3,5,9,11,17,0,2,0,0,06-07,1,0,0,0,0,0,0,0,0,0,0,0,0,0,0,0,0,0,0,0,0,0,0,0,0,0,0,0,0,0,0,0,0,1
1.0,0.0,0.0,1.0,15,5,8,1,3,2,13,30,1,5,0,0,06-07,1,0,0,0,0,0,0,0,0,0,0,0,0,0,0,0,0,0,0,0,1,0,0,0,0,0,0,0,0,0,0,0,0,0
0.0,0.0,0.0,1.0,9,9,5,4,7,2,16,16,1,1,0,0,06-07,1,0,0,0,0,0,0,0,0,0,0,0,0,0,0,0,0,0,0,0,0,0,0,0,0,0,1,0,0,0,0,0,0,0
1.0,0.0,1.0,0.0,10,8,3,3,5,3,15,29,4,2,0,0,06-07,1,0,0,0,0,0,0,0,0,0,0,0,0,1,0,0,0,0,0,0,0,0,0,0,0,0,0,0,0,0,0,0,0,0
0.0,0.0,1.0,0.0,10,12,4,5,3,4,14,22,3,3,0,0,06-07,1,0,0,0,0,0,0,0,0,0,0,0,0,0,0,0,0,0,0,0,0,1,0,0,0,0,0,0,0,0,0,0,0,0
0.0,1.0,2.0,0.0,12,9,9,5,10,5,11,22,1,4,0,0,06-07,1,0,0,0,1,0,0,0,0,0,0,0,0,0,0,0,0,0,0,0,0,0,0,0,0,0,0,0,0,0,0,0,0,0
1.0,1.0,1.0,1.0,11,12,7,8,2,4,12,20,1,3,0,0,06-07,1,0,0,0,0,0,0,0,0,0,0,0,0,0,0,0,0,0,0,0,0,0,0,0,1,0,0,0,0,0,0,0,0,0
1.0,0.0,0.0,1.0,17,7,8,4,2,2,19,25,0,0,0,0,06-07,1,0,0,0,0,0,1,0,0,0,0,0,0,0,0,0,0,0,0,0,0,0,0,0,0,0,0,0,0,0,0,0,0,0
0.0,1.0,2.0,0.0,14,9,9,6,10,5,12,17,3,0,0,0,06-07,1,0,0,0,0,0,0,0,0,1,0,0,0,0,0,0,0,0,0,0,0,0,0,0,0,0,0,0,0,0,0,0,0,0
1.0,1.0,0.0,1.0,12,13,8,8,3,4,17,28,1,5,0,0,06-07,1,0,0,0,0,0,0,0,0,0,0,0,0,0,0,0,0,0,0,0,0,0,0,0,0,0,0,0,0,0,0,0,1,0
1.0,2.0,1.0,1.0,10,19,5,9,1,10,12,21,1,2,0,0,06-07,1,0,0,0,0,0,0,0,0,0,0,0,0,0,1,0,0,0,0,0,0,0,0,0,0,0,0,0,0,0,0,0,0,0
1.0,0.0,0.0,1.0,10,22,3,7,3,8,16,14,0,1,0,0,07-08,1,0,0,0,0,0,0,0,0,1,0,0,0,0,0,0,0,0,0,0,0,0,0,0,0,0,0,0,0,0,0,0,0,0
1.0,0.0,0.0,1.0,16,18,3,7,4,6,11,18,1,2,0,0,07-08,1,0,0,0,0,0,0,0,0,0,0,0,0,0,0,0,1,0,0,0,0,0,0,0,0,0,0,0,0,0,0,0,0,0
1.0,1.0,0.0,1.0,14,9,7,5,4,1,18,22,0,1,0,0,07-08,1,0,0,0,0,0,0,0,0,0,0,0,0,0,0,1,0,0,0,0,0,0,0,0,0,0,0,0,0,0,0,0,0,0
0.0,0.0,0.0,1.0,12,11,3,3,9,6,10,15,4,1,0,0,07-08,1,0,0,0,0,0,0,0,0,0,0,0,0,0,1,0,0,0,0,0,0,0,0,0,0,0,0,0,0,0,0,0,0,0
0.0,0.0,0.0,1.0,12,13,3,3,10,6,14,15,1,2,0,0,07-08,1,0,0,0,0,0,0,0,0,0,0,0,0,1,0,0,0,0,0,0,0,0,0,0,0,0,0,0,0,0,0,0,0,0
1.0,0.0,0.0,1.0,16,15,4,2,4,4,8,20,1,3,0,0,07-08,1,0,0,0,0,1,0,0,0,0,0,0,0,0,0,0,0,0,0,0,0,0,0,0,0,0,0,0,0,0,0,0,0,0
1.0,0.0,1.0,0.0,10,12,7,3,9,6,17,22,2,2,0,0,07-08,1,0,0,0,0,0,0,0,0,0,0,0,0,0,0,0,0,0,0,0,0,0,0,0,1,0,0,0,0,0,0,0,0,0
0.0,0.0,1.0,0.0,11,14,4,6,0,3,21,26,1,1,0,0,07-08,1,0,0,1,0,0,0,0,0,0,0,0,0,0,0,0,0,0,0,0,0,0,0,0,0,0,0,0,0,0,0,0,0,0
1.0,0.0,0.0,1.0,18,10,5,2,5,4,17,14,3,4,0,2,07-08,1,0,0,0,0,0,0,0,0,0,0,0,0,0,0,0,0,0,0,0,0,0,0,0,0,0,0,0,1,0,0,0,0,0
0.0,0.0,1.0,0.0,15,11,5,6,8,2,7,22,1,2,0,0,07-08,1,0,0,0,0,0,0,0,0,0,0,0,0,0,0,0,0,0,0,0,0,0,0,0,0,0,0,0,0,0,0,0,0,1
0.0,0.0,1.0,0.0,17,15,5,7,7,6,20,21,1,1,0,0,07-08,1,0,0,0,0,0,0,1,0,0,0,0,0,0,0,0,0,0,0,0,0,0,0,0,0,0,0,0,0,0,0,0,0,0
0.0,0.0,1.0,0.0,8,11,2,4,5,3,16,20,3,2,0,0,07-08,1,0,0,0,0,0,0,0,0,0,0,0,0,0,0,0,0,0,0,0,0,0,0,0,0,0,1,0,0,0,0,0,0,0
1.0,1.0,0.0,1.0,11,21,5,7,9,9,23,18,4,0,0,0,07-08,1,0,0,0,0,0,0,0,0,0,0,0,0,0,0,0,0,0,0,0,0,0,0,0,0,0,0,0,0,0,0,0,1,0
1.0,0.0,0.0,1.0,25,9,8,0,8,5,12,12,0,0,0,0,07-08,1,0,0,0,0,0,0,0,0,0,0,0,0,0,0,0,0,0,0,1,0,0,0,0,0,0,0,0,0,0,0,0,0,0
1.0,0.0,0.0,1.0,16,10,4,1,3,5,13,21,3,3,0,0,07-08,1,0,0,0,0,0,0,0,0,0,0,0,0,0,0,0,0,0,0,0,1,0,0,0,0,0,0,0,0,0,0,0,0,0
1.0,0.0,0.0,1.0,16,17,7,5,3,4,10,25,0,3,0,0,07-08,1,0,0,0,1,0,0,0,0,0,0,0,0,0,0,0,0,0,0,0,0,0,0,0,0,0,0,0,0,0,0,0,0,0
1.0,2.0,1.0,1.0,11,15,2,4,5,2,14,20,2,2,0,1,07-08,1,0,0,0,0,0,1,0,0,0,0,0,0,0,0,0,0,0,0,0,0,0,0,0,0,0,0,0,0,0,0,0,0,0
1.0,0.0,0.0,1.0,13,17,5,5,4,4,18,13,2,2,0,0,08-09,1,0,0,0,0,0,0,0,0,0,0,0,0,0,0,0,0,0,0,0,0,0,0,0,0,0,0,0,0,0,0,0,1,0
0.0,2.0,1.0,1.0,14,19,7,5,4,4,13,21,2,2,0,0,08-09,1,0,0,0,0,0,0,0,0,0,0,0,0,1,0,0,0,0,0,0,0,0,0,0,0,0,0,0,0,0,0,0,0,0
1.0,0.0,0.0,1.0,14,9,5,1,2,7,14,24,0,3,0,0,08-09,1,0,0,0,0,0,0,0,0,0,1,0,0,0,0,0,0,0,0,0,0,0,0,0,0,0,0,0,0,0,0,0,0,0
0.0,0.0,1.0,0.0,14,14,4,8,4,9,17,18,2,2,0,0,08-09,1,0,0,0,0,0,0,0,0,0,0,0,0,0,0,0,0,0,0,1,0,0,0,0,0,0,0,0,0,0,0,0,0,0
1.0,0.0,1.0,0.0,19,8,3,2,11,0,16,24,5,2,0,1,08-09,1,0,0,0,0,1,0,0,0,0,0,0,0,0,0,0,0,0,0,0,0,0,0,0,0,0,0,0,0,0,0,0,0,0
0.0,0.0,1.0,0.0,18,13,3,5,8,7,21,34,2,2,0,0,08-09,1,0,0,0,0,0,0,0,0,0,0,0,0,0,0,0,0,0,0,0,0,1,0,0,0,0,0,0,0,0,0,0,0,0
1.0,0.0,0.0,1.0,12,12,6,5,4,10,15,14,2,1,0,1,08-09,1,0,0,0,0,0,0,0,0,0,0,0,0,0,0,0,0,0,0,0,1,0,0,0,0,0,0,0,0,0,0,0,0,0
1.0,0.0,0.0,1.0,13,13,2,5,8,2,12,14,1,3,0,0,08-09,1,0,0,0,0,0,1,0,0,0,0,0,0,0,0,0,0,0,0,0,0,0,0,0,0,0,0,0,0,0,0,0,0,0
1.0,1.0,1.0,1.0,16,5,7,3,7,2,16,15,2,1,0,0,08-09,1,0,0,0,0,0,0,0,0,0,0,0,0,0,0,0,1,0,0,0,0,0,0,0,0,0,0,0,0,0,0,0,0,0
1.0,0.0,1.0,0.0,19,14,3,4,7,6,15,20,2,1,0,1,08-09,1,0,0,0,1,0,0,0,0,0,0,0,0,0,0,0,0,0,0,0,0,0,0,0,0,0,0,0,0,0,0,0,0,0
1.0,0.0,0.0,1.0,9,11,3,6,5,3,14,20,2,2,0,0,08-09,1,0,0,0,0,0,0,0,0,1,0,0,0,0,0,0,0,0,0,0,0,0,0,0,0,0,0,0,0,0,0,0,0,0
0.0,0.0,1.0,0.0,11,10,5,3,6,4,9,25,2,2,0,0,08-09,1,0,0,0,0,0,0,0,0,0,0,0,0,0,0,0,0,0,0,0,0,0,0,0,0,0,0,0,0,0,0,0,0,1
0.0,0.0,1.0,0.0,12,16,5,5,4,7,18,16,2,1,0,0,08-09,1,0,0,0,0,0,0,0,0,0,0,0,0,0,0,0,0,0,0,0,0,0,0,0,0,0,1,0,0,0,0,0,0,0
0.0,0.0,0.0,1.0,8,21,1,9,2,11,22,27,4,3,0,0,08-09,1,0,0,1,0,0,0,0,0,0,0,0,0,0,0,0,0,0,0,0,0,0,0,0,0,0,0,0,0,0,0,0,0,0
1.0,1.0,2.0,0.0,7,19,4,4,4,7,14,17,1,3,0,0,08-09,1,0,0,0,0,0,0,0,0,0,0,0,0,0,0,0,0,0,0,0,0,0,0,0,0,0,0,0,1,0,0,0,0,0
0.0,0.0,1.0,0.0,12,13,4,4,5,5,10,22,0,2,1,0,08-09,1,0,0,0,0,0,0,0,0,0,0,0,0,0,0,0,0,1,0,0,0,0,0,0,0,0,0,0,0,0,0,0,0,0
1.0,1.0,0.0,1.0,17,17,6,8,10,7,11,16,2,0,0,0,08-09,1,0,0,0,0,0,0,0,0,0,0,0,0,0,1,0,0,0,0,0,0,0,0,0,0,0,0,0,0,0,0,0,0,0
1.0,0.0,0.0,1.0,7,12,3,2,4,7,12,15,3,3,0,0,20-21,1,0,0,0,0,0,0,0,0,0,1,0,0,0,0,0,0,0,0,0,0,0,0,0,0,0,0,0,0,0,0,0,0,0
0.0,0.0,3.0,0.0,11,16,5,10,6,10,6,6,1,0,0,1,20-21,1,0,0,1,0,0,0,0,0,0,0,0,0,0,0,0,0,0,0,0,0,0,0,0,0,0,0,0,0,0,0,0,0,0
0.0,0.0,0.0,1.0,5,21,2,10,0,12,12,13,1,1,0,0,20-21,1,0,0,0,0,0,1,0,0,0,0,0,0,0,0,0,0,0,0,0,0,0,0,0,0,0,0,0,0,0,0,0,0,0
0.0,0.0,1.0,0.0,1,10,1,4,0,10,6,10,0,1,0,0,20-21,1,0,0,0,0,0,0,0,0,0,0,0,0,0,0,0,0,0,0,0,1,0,0,0,0,0,0,0,0,0,0,0,0,0
1.0,2.0,0.0,1.0,11,15,5,5,2,3,16,18,3,2,0,0,20-21,1,0,0,0,0,0,0,0,0,0,0,0,0,0,0,0,0,0,0,0,0,0,1,0,0,0,0,0,0,0,0,0,0,0
0.0,0.0,0.0,1.0,12,8,2,2,1,3,14,15,1,2,0,0,20-21,1,0,1,0,0,0,0,0,0,0,0,0,0,0,0,0,0,0,0,0,0,0,0,0,0,0,0,0,0,0,0,0,0,0
0.0,0.0,0.0,1.0,7,22,0,7,3,14,8,7,2,1,0,0,20-21,1,0,0,0,0,0,0,0,0,0,0,0,0,0,0,0,0,0,0,0,0,1,0,0,0,0,0,0,0,0,0,0,0,0
1.0,0.0,0.0,1.0,12,10,2,6,8,3,8,18,1,1,0,0,20-21,1,0,0,0,0,0,0,0,0,0,0,0,0,0,0,0,1,0,0,0,0,0,0,0,0,0,0,0,0,0,0,0,0,0
1.0,1.0,0.0,1.0,9,11,3,3,2,6,9,9,1,0,0,0,20-21,1,0,0,0,0,0,0,0,0,0,0,0,0,0,0,0,0,0,0,0,0,0,0,0,0,0,0,0,1,0,0,0,0,0
0.0,1.0,3.0,0.0,8,15,4,8,0,8,14,22,2,2,0,0,20-21,1,0,0,0,0,0,0,0,0,1,0,0,0,0,0,0,0,0,0,0,0,0,0,0,0,0,0,0,0,0,0,0,0,0
0.0,0.0,1.0,0.0,7,11,2,6,3,8,10,14,0,2,0,0,20-21,1,0,0,0,0,0,0,0,0,0,0,0,0,0,0,0,0,0,0,0,0,0,0,0,0,0,0,0,0,0,0,0,0,1
1.0,0.0,0.0,1.0,5,7,3,3,3,3,9,5,0,0,0,0,20-21,1,0,0,0,0,0,0,0,0,0,0,0,0,0,0,0,0,0,0,0,0,0,0,0,0,0,0,0,0,0,1,0,0,0
0.0,0.0,0.0,1.0,22,5,7,2,9,0,12,9,0,2,1,0,20-21,1,0,0,0,0,0,0,0,0,0,0,0,0,0,0,0,0,0,0,0,0,0,0,0,0,0,0,0,0,0,0,0,1,0
0.0,0.0,0.0,1.0,5,20,0,8,1,7,10,12,2,1,0,0,20-21,1,0,0,0,0,0,0,0,0,0,0,0,0,0,0,0,0,0,0,0,0,0,0,0,0,1,0,0,0,0,0,0,0,0
1.0,0.0,0.0,1.0,14,10,4,2,4,2,8,10,3,2,0,0,20-21,1,0,0,0,0,0,0,0,0,0,0,1,0,0,0,0,0,0,0,0,0,0,0,0,0,0,0,0,0,0,0,0,0,0
1.0,0.0,0.0,1.0,10,3,5,0,4,2,14,12,3,5,0,1,20-21,1,0,0,0,0,0,0,0,0,0,0,0,0,0,0,0,0,0,0,0,0,0,0,0,0,0,1,0,0,0,0,0,0,0
1.0,1.0,1.0,1.0,17,7,6,3,10,4,5,8,1,2,0,0,20-21,1,0,0,0,0,0,0,0,0,0,0,0,0,0,0,0,0,1,0,0,0,0,0,0,0,0,0,0,0,0,0,0,0,0
1.0,0.0,0.0,1.0,10,14,4,6,4,9,13,10,3,4,0,0,21-22,1,0,0,0,0,0,0,0,0,0,0,1,0,0,0,0,0,0,0,0,0,0,0,0,0,0,0,0,0,0,0,0,0,0
1.0,0.0,1.0,0.0,14,12,5,3,4,4,13,17,0,3,0,0,21-22,1,0,0,0,0,0,0,0,0,1,0,0,0,0,0,0,0,0,0,0,0,0,0,0,0,0,0,0,0,0,0,0,0,0
1.0,0.0,0.0,1.0,9,16,2,3,5,6,16,3,2,1,0,0,21-22,1,0,0,0,0,0,0,0,0,0,0,0,0,0,0,0,0,1,0,0,0,0,0,0,0,0,0,0,0,0,0,0,0,0
0.0,0.0,2.0,0.0,10,19,3,7,2,4,13,7,4,1,0,0,21-22,1,0,0,0,0,0,0,0,0,0,0,0,0,0,0,0,0,0,0,0,1,0,0,0,0,0,0,0,0,0,0,0,0,0
0.0,0.0,2.0,0.0,13,14,6,7,7,2,13,9,1,0,0,0,21-22,1,0,0,0,0,0,1,0,0,0,0,0,0,0,0,0,0,0,0,0,0,0,0,0,0,0,0,0,0,0,0,0,0,0
0.0,1.0,1.0,1.0,15,16,7,6,6,6,16,9,2,3,0,0,21-22,1,0,0,0,0,0,0,0,0,0,0,0,0,0,0,0,0,0,0,0,0,0,1,0,0,0,0,0,0,0,0,0,0,0
1.0,1.0,0.0,1.0,10,13,3,5,6,5,15,9,4,1,0,0,21-22,1,0,0,0,0,0,0,0,0,0,0,0,0,0,0,0,0,0,0,0,0,0,0,0,0,0,0,0,0,0,0,0,0,1
1.0,0.0,1.0,0.0,18,9,5,3,7,1,14,10,1,1,0,0,21-22,1,0,0,0,0,0,0,0,0,0,1,0,0,0,0,0,0,0,0,0,0,0,0,0,0,0,0,0,0,0,0,0,0,0
1.0,0.0,0.0,1.0,13,5,4,3,6,2,13,9,2,2,0,0,21-22,1,0,0,0,1,0,0,0,0,0,0,0,0,0,0,0,0,0,0,0,0,0,0,0,0,0,0,0,0,0,0,0,0,0
1.0,1.0,1.0,1.0,13,6,5,3,3,5,16,6,4,1,0,0,21-22,1,0,0,0,0,0,0,0,0,0,0,0,1,0,0,0,0,0,0,0,0,0,0,0,0,0,0,0,0,0,0,0,0,0
1.0,1.0,1.0,1.0,10,22,5,4,5,11,15,10,3,3,0,0,21-22,1,0,0,0,0,0,0,0,0,0,0,0,0,0,0,0,0,0,0,0,0,1,0,0,0,0,0,0,0,0,0,0,0,0
1.0,0.0,0.0,1.0,11,11,3,4,6,4,6,15,0,2,0,0,21-22,1,0,0,0,0,0,0,0,0,0,0,0,0,0,0,0,0,0,0,0,0,0,0,0,0,0,0,0,0,0,1,0,0,0
0.0,0.0,0.0,1.0,6,7,1,1,6,1,12,10,3,5,0,0,21-22,1,0,1,0,0,0,0,0,0,0,0,0,0,0,0,0,0,0,0,0,0,0,0,0,0,0,0,0,0,0,0,0,0,0
1.0,0.0,1.0,0.0,10,14,4,4,6,2,13,12,1,5,0,0,21-22,1,0,0,0,0,0,0,0,0,0,0,0,0,0,0,0,0,0,0,0,0,0,0,0,0,0,0,0,1,0,0,0,0,0
0.0,0.0,2.0,0.0,8,24,3,9,5,4,11,11,1,2,0,0,21-22,1,0,0,1,0,0,0,0,0,0,0,0,0,0,0,0,0,0,0,0,0,0,0,0,0,0,0,0,0,0,0,0,0,0
1.0,0.0,0.0,1.0,6,9,1,5,2,6,14,14,3,1,0,0,21-22,1,0,0,0,0,0,0,0,0,0,0,0,0,0,0,0,1,0,0,0,0,0,0,0,0,0,0,0,0,0,0,0,0,0
1.0,0.0,0.0,1.0,8,18,4,9,2,6,11,8,1,1,0,0,21-22,1,0,0,0,0,0,0,0,0,0,0,0,0,0,0,0,0,0,0,0,0,0,0,0,0,1,0,0,0,0,0,0,0,0
0.0,0.0,1.0,0.0,0,0,0,0,0,0,0,0,0,0,0,0,96-97,1,0,0,0,0,0,0,0,0,0,0,0,0,0,0,0,0,0,0,0,0,0,0,0,0,0,0,1,0,0,0,0,0,0
1.0,0.0,0.0,1.0,0,0,0,0,0,0,0,0,0,0,0,0,96-97,1,0,0,0,0,0,0,1,0,0,0,0,0,0,0,0,0,0,0,0,0,0,0,0,0,0,0,0,0,0,0,0,0,0
0.0,0.0,1.0,0.0,0,0,0,0,0,0,0,0,0,0,0,0,96-97,1,0,0,0,0,0,0,0,0,0,0,0,0,0,0,0,0,0,0,0,1,0,0,0,0,0,0,0,0,0,0,0,0,0
0.0,0.0,1.0,0.0,0,0,0,0,0,0,0,0,0,0,0,0,96-97,1,0,0,0,0,0,0,0,0,0,0,0,0,0,0,0,0,0,0,0,0,0,0,0,0,0,1,0,0,0,0,0,0,0
1.0,1.0,0.0,1.0,0,0,0,0,0,0,0,0,0,0,0,0,96-97,1,0,0,0,0,0,0,0,0,0,0,0,0,0,0,0,0,0,0,0,0,0,0,0,0,0,0,0,0,0,0,0,1,0
0.0,0.0,1.0,0.0,0,0,0,0,0,0,0,0,0,0,0,0,96-97,1,0,0,0,0,0,0,0,0,0,1,0,0,0,0,0,0,0,0,0,0,0,0,0,0,0,0,0,0,0,0,0,0,0
1.0,0.0,0.0,1.0,0,0,0,0,0,0,0,0,0,0,0,0,96-97,1,0,0,0,0,0,0,0,1,0,0,0,0,0,0,0,0,0,0,0,0,0,0,0,0,0,0,0,0,0,0,0,0,0
1.0,1.0,0.0,1.0,0,0,0,0,0,0,0,0,0,0,0,0,96-97,1,0,0,0,0,0,0,0,0,0,0,1,0,0,0,0,0,0,0,0,0,0,0,0,0,0,0,0,0,0,0,0,0,0
1.0,1.0,0.0,1.0,0,0,0,0,0,0,0,0,0,0,0,0,96-97,1,0,0,0,0,0,0,0,0,0,0,0,0,0,0,0,0,0,0,0,0,0,0,0,0,0,0,0,1,0,0,0,0,0
0.0,0.0,1.0,0.0,0,0,0,0,0,0,0,0,0,0,0,0,96-97,1,0,0,0,0,0,0,0,0,0,0,0,0,0,0,0,0,0,0,0,0,1,0,0,0,0,0,0,0,0,0,0,0,0
1.0,2.0,0.0,1.0,0,0,0,0,0,0,0,0,0,0,0,0,96-97,1,0,0,0,1,0,0,0,0,0,0,0,0,0,0,0,0,0,0,0,0,0,0,0,0,0,0,0,0,0,0,0,0,0
1.0,2.0,0.0,1.0,0,0,0,0,0,0,0,0,0,0,0,0,96-97,1,0,0,1,0,0,0,0,0,0,0,0,0,0,0,0,0,0,0,0,0,0,0,0,0,0,0,0,0,0,0,0,0,0
0.0,0.0,0.0,1.0,0,0,0,0,0,0,0,0,0,0,0,0,96-97,1,0,0,0,0,0,0,0,0,0,0,0,0,0,0,0,0,0,0,1,0,0,0,0,0,0,0,0,0,0,0,0,0,0
1.0,1.0,1.0,1.0,0,0,0,0,0,0,0,0,0,0,0,0,96-97,1,0,0,0,0,0,0,0,0,0,0,0,0,1,0,0,0,0,0,0,0,0,0,0,0,0,0,0,0,0,0,0,0,0
1.0,2.0,0.0,1.0,0,0,0,0,0,0,0,0,0,0,0,0,96-97,1,0,0,0,0,0,1,0,0,0,0,0,0,0,0,0,0,0,0,0,0,0,0,0,0,0,0,0,0,0,0,0,0,0
0.0,1.0,2.0,0.0,0,0,0,0,0,0,0,0,0,0,0,0,96-97,1,0,0,0,0,0,0,0,0,0,0,0,0,0,0,0,0,0,0,0,0,0,0,1,0,0,0,0,0,0,0,0,0,0
0.0,0.0,2.0,0.0,0,0,0,0,0,0,0,0,0,0,0,0,96-97,1,0,0,0,0,0,0,0,0,0,0,0,0,0,0,1,0,0,0,0,0,0,0,0,0,0,0,0,0,0,0,0,0,0
1.0,0.0,1.0,0.0,0,0,0,0,0,0,0,0,0,0,0,0,97-98,1,0,0,0,0,0,0,0,0,0,0,0,0,0,0,0,0,0,0,0,0,0,0,0,0,0,0,0,1,0,0,0,0,0
1.0,1.0,0.0,1.0,0,0,0,0,0,0,0,0,0,0,0,0,97-98,1,0,0,0,0,0,0,0,0,0,0,0,0,0,0,0,0,0,0,0,0,0,0,0,0,0,0,0,0,0,0,0,1,0
0.0,0.0,1.0,0.0,0,0,0,0,0,0,0,0,0,0,0,0,97-98,1,0,0,0,0,0,0,0,0,0,0,0,0,0,0,1,0,0,0,0,0,0,0,0,0,0,0,0,0,0,0,0,0,0
1.0,1.0,1.0,1.0,0,0,0,0,0,0,0,0,0,0,0,0,97-98,1,0,0,0,0,0,0,0,0,0,0,0,0,0,0,0,0,0,0,0,1,0,0,0,0,0,0,0,0,0,0,0,0,0
1.0,0.0,0.0,1.0,0,0,0,0,0,0,0,0,0,0,0,0,97-98,1,0,0,0,0,0,1,0,0,0,0,0,0,0,0,0,0,0,0,0,0,0,0,0,0,0,0,0,0,0,0,0,0,0
1.0,2.0,1.0,1.0,0,0,0,0,0,0,0,0,0,0,0,0,97-98,1,0,0,0,0,0,0,0,0,0,0,0,0,0,0,0,0,0,0,0,0,1,0,0,0,0,0,0,0,0,0,0,0,0
0.0,0.0,1.0,0.0,0,0,0,0,0,0,0,0,0,0,0,0,97-98,1,0,0,0,0,0,0,0,0,0,0,0,0,1,0,0,0,0,0,0,0,0,0,0,0,0,0,0,0,0,0,0,0,0
0.0,1.0,0.0,1.0,0,0,0,0,0,0,0,0,0,0,0,0,97-98,1,0,0,0,0,0,0,0,0,0,0,0,0,0,0,0,1,0,0,0,0,0,0,0,0,0,0,0,0,0,0,0,0,0
1.0,0.0,0.0,1.0,0,0,0,0,0,0,0,0,0,0,0,0,97-98,1,0,0,0,0,0,0,0,0,0,0,0,0,0,0,0,0,0,0,0,0,0,0,0,0,0,1,0,0,0,0,0,0,0
0.0,0.0,0.0,1.0,0,0,0,0,0,0,0,0,0,0,0,0,97-98,1,0,0,0,1,0,0,0,0,0,0,0,0,0,0,0,0,0,0,0,0,0,0,0,0,0,0,0,0,0,0,0,0,0
1.0,0.0,1.0,0.0,0,0,0,0,0,0,0,0,0,0,0,0,97-98,1,0,0,0,0,0,0,0,0,0,0,0,0,0,0,0,0,0,0,1,0,0,0,0,0,0,0,0,0,0,0,0,0,0
1.0,0.0,0.0,1.0,0,0,0,0,0,0,0,0,0,0,0,0,97-98,1,0,0,0,0,0,0,0,0,0,0,0,0,0,0,0,0,0,0,0,0,0,0,1,0,0,0,0,0,0,0,0,0,0
1.0,1.0,0.0,1.0,0,0,0,0,0,0,0,0,0,0,0,0,97-98,1,0,0,0,0,0,0,1,0,0,0,0,0,0,0,0,0,0,0,0,0,0,0,0,0,0,0,0,0,0,0,0,0,0
0.0,0.0,0.0,1.0,0,0,0,0,0,0,0,0,0,0,0,0,97-98,1,0,0,0,0,0,0,0,0,0,0,0,0,0,0,0,0,0,0,0,0,0,0,0,0,0,0,0,0,0,0,0,0,1
1.0,2.0,3.0,0.0,0,0,0,0,0,0,0,0,0,0,0,0,97-98,1,0,0,1,0,0,0,0,0,0,0,0,0,0,0,0,0,0,0,0,0,0,0,0,0,0,0,0,0,0,0,0,0,0
1.0,1.0,1.0,1.0,0,0,0,0,0,0,0,0,0,0,0,0,97-98,1,0,0,0,0,0,0,0,0,0,0,0,0,0,0,0,0,0,1,0,0,0,0,0,0,0,0,0,0,0,0,0,0,0
1.0,0.0,1.0,0.0,0,0,0,0,0,0,0,0,0,0,0,0,97-98,1,0,0,0,0,0,0,0,0,0,1,0,0,0,0,0,0,0,0,0,0,0,0,0,0,0,0,0,0,0,0,0,0,0
1.0,0.0,0.0,1.0,0,0,0,0,0,0,0,0,0,0,0,0,99-00,1,0,0,0,0,0,0,0,0,0,0,0,0,0,0,0,1,0,0,0,0,0,0,0,0,0,0,0,0,0,0,0,0,0
1.0,0.0,0.0,1.0,0,0,0,0,0,0,0,0,0,0,0,0,99-00,1,0,0,0,0,0,0,0,0,0,0,0,0,0,0,0,0,0,0,0,0,0,0,0,0,0,0,0,0,0,0,0,0,1
1.0,0.0,1.0,0.0,0,0,0,0,0,0,0,0,0,0,0,0,99-00,1,0,0,0,0,0,0,0,0,0,0,1,0,0,0,0,0,0,0,0,0,0,0,0,0,0,0,0,0,0,0,0,0,0
0.0,0.0,0.0,1.0,0,0,0,0,0,0,0,0,0,0,0,0,99-00,1,0,0,0,0,0,1,0,0,0,0,0,0,0,0,0,0,0,0,0,0,0,0,0,0,0,0,0,0,0,0,0,0,0
1.0,0.0,0.0,1.0,0,0,0,0,0,0,0,0,0,0,0,0,99-00,1,0,0,0,0,0,0,0,0,1,0,0,0,0,0,0,0,0,0,0,0,0,0,0,0,0,0,0,0,0,0,0,0,0
1.0,1.0,0.0,1.0,0,0,0,0,0,0,0,0,0,0,0,0,99-00,1,0,0,0,0,0,0,0,0,0,0,0,0,0,0,0,0,0,0,0,0,0,0,0,0,0,0,0,0,0,0,0,1,0
0.0,0.0,1.0,0.0,0,0,0,0,0,0,0,0,0,0,0,0,99-00,1,0,0,0,0,0,0,0,0,0,0,0,0,0,0,0,0,0,0,0,1,0,0,0,0,0,0,0,0,0,0,0,0,0
0.0,0.0,0.0,1.0,0,0,0,0,0,0,0,0,0,0,0,0,99-00,1,0,0,0,0,0,0,1,0,0,0,0,0,0,0,0,0,0,0,0,0,0,0,0,0,0,0,0,0,0,0,0,0,0
0.0,0.0,0.0,1.0,0,0,0,0,0,0,0,0,0,0,0,0,99-00,1,0,0,0,0,0,0,0,0,0,0,0,0,0,0,0,0,0,0,0,0,0,0,0,0,0,0,0,1,0,0,0,0,0
0.0,0.0,1.0,0.0,0,0,0,0,0,0,0,0,0,0,0,0,99-00,1,0,0,0,0,0,0,0,0,0,0,0,0,0,0,0,0,0,0,0,0,0,0,0,0,0,1,0,0,0,0,0,0,0
0.0,1.0,1.0,1.0,0,0,0,0,0,0,0,0,0,0,0,0,99-00,1,0,0,0,0,0,0,0,0,0,0,0,0,0,0,0,0,0,1,0,0,0,0,0,0,0,0,0,0,0,0,0,0,0
1.0,3.0,1.0,1.0,0,0,0,0,0,0,0,0,0,0,0,0,99-00,1,0,0,0,0,0,0,0,0,0,0,0,0,0,0,0,0,0,0,0,0,0,0,0,0,0,0,0,0,1,0,0,0,0
1.0,2.0,0.0,1.0,0,0,0,0,0,0,0,0,0,0,0,0,99-00,1,0,0,0,0,0,0,0,0,0,0,0,0,0,0,0,0,0,0,0,0,0,0,1,0,0,0,0,0,0,0,0,0,0
1.0,0.0,1.0,0.0,0,0,0,0,0,0,0,0,0,0,0,0,99-00,1,0,0,0,0,0,0,0,0,0,0,0,0,0,0,1,0,0,0,0,0,0,0,0,0,0,0,0,0,0,0,0,0,0
1.0,1.0,0.0,1.0,0,0,0,0,0,0,0,0,0,0,0,0,99-00,1,0,0,0,0,0,0,0,0,0,0,0,0,1,0,0,0,0,0,0,0,0,0,0,0,0,0,0,0,0,0,0,0,0
1.0,0.0,0.0,1.0,0,0,0,0,0,0,0,0,0,0,0,0,99-00,1,0,0,0,0,0,0,0,0,0,0,0,0,0,0,0,0,0,0,0,0,0,0,0,0,0,0,0,0,0,0,1,0,0
0.0,0.0,3.0,0.0,0,0,0,0,0,0,0,0,0,0,0,0,99-00,1,0,0,1,0,0,0,0,0,0,0,0,0,0,0,0,0,0,0,0,0,0,0,0,0,0,0,0,0,0,0,0,0,0
