FTR,HTHG,HTAG,HTR,HS,AS,HST,AST,HC,AC,HF,AF,HY,AY,HR,AR,Season,home_Kaiserslautern,away_Augsburg,away_Bayern Munich,away_Bielefeld,away_Bochum,away_Cottbus,away_Dortmund,away_Dresden,away_Duisburg,away_Dusseldorf,away_Ein Frankfurt,away_FC Koln,away_Freiburg,away_Hamburg,away_Hannover,away_Hansa Rostock,away_Hertha,away_Hoffenheim,away_Karlsruhe,away_Leipzig,away_Leverkusen,away_M'Gladbach,away_M'gladbach,away_Mainz,away_Munich 1860,away_Nurnberg,away_Schalke 04,away_St Pauli,away_Stuttgart,away_Uerdingen,away_Ulm,away_Unterhaching,away_Wattenscheid,away_Werder Bremen,away_Wolfsburg
0.0,0.0,0.0,1.0,11,5,2,2,5,5,9,8,1,0,0,0,00-01,1,0,0,0,1,0,0,0,0,0,0,0,0,0,0,0,0,0,0,0,0,0,0,0,0,0,0,0,0,0,0,0,0,0,0
1.0,1.0,0.0,1.0,7,16,5,3,3,6,16,24,4,2,0,0,00-01,1,0,0,0,0,0,0,0,0,0,0,0,0,0,0,0,0,0,0,0,0,0,0,0,0,0,0,0,1,0,0,0,0,0,0
1.0,1.0,1.0,1.0,18,13,8,7,5,3,14,15,1,1,1,0,00-01,1,0,0,0,0,0,0,0,0,0,0,1,0,0,0,0,0,0,0,0,0,0,0,0,0,0,0,0,0,0,0,0,0,0,0
1.0,1.0,0.0,1.0,8,14,4,7,11,5,13,21,2,2,0,0,00-01,1,0,0,0,0,1,0,0,0,0,0,0,0,0,0,0,0,0,0,0,0,0,0,0,0,0,0,0,0,0,0,0,0,0,0
1.0,1.0,0.0,1.0,3,10,2,4,2,4,11,11,1,4,0,0,00-01,1,0,0,0,0,0,0,0,0,0,0,0,0,0,0,0,0,0,0,0,0,0,0,0,0,0,0,0,0,0,0,0,0,1,0
1.0,0.0,1.0,0.0,14,7,5,2,4,3,13,20,3,2,0,0,00-01,1,0,0,0,0,0,0,0,0,0,0,0,0,0,0,0,0,0,0,0,0,0,0,0,0,0,1,0,0,0,0,0,0,0,0
0.0,0.0,1.0,0.0,18,6,11,4,7,3,14,19,1,3,0,0,00-01,1,0,0,0,0,0,0,0,0,0,0,0,1,0,0,0,0,0,0,0,0,0,0,0,0,0,0,0,0,0,0,0,0,0,0
1.0,0.0,0.0,1.0,14,7,6,5,9,5,15,31,3,4,0,0,00-01,1,0,0,0,0,0,0,0,0,0,0,0,0,1,0,0,0,0,0,0,0,0,0,0,0,0,0,0,0,0,0,0,0,0,0
1.0,0.0,0.0,1.0,26,9,8,0,10,5,24,18,1,6,0,0,00-01,1,0,1,0,0,0,0,0,0,0,0,0,0,0,0,0,0,0,0,0,0,0,0,0,0,0,0,0,0,0,0,0,0,0,0
1.0,0.0,0.0,1.0,13,4,5,1,9,1,18,16,2,2,1,1,00-01,1,0,0,0,0,0,0,0,0,0,0,0,0,0,0,0,0,0,0,0,0,0,0,0,0,0,0,0,0,0,0,0,0,0,1
1.0,3.0,0.0,1.0,23,3,14,2,11,8,15,15,1,3,0,1,00-01,1,0,0,0,0,0,0,0,0,0,0,0,0,0,0,0,0,0,0,0,0,0,0,0,0,0,0,0,0,0,0,1,0,0,0
0.0,0.0,1.0,0.0,20,8,9,5,11,2,23,26,3,3,1,0,00-01,1,0,0,0,0,0,0,0,0,0,0,0,0,0,0,1,0,0,0,0,0,0,0,0,0,0,0,0,0,0,0,0,0,0,0
1.0,0.0,0.0,1.0,16,13,10,6,2,10,22,17,4,4,0,0,00-01,1,0,0,0,0,0,0,0,0,0,0,0,0,0,0,0,0,0,0,0,0,0,0,0,1,0,0,0,0,0,0,0,0,0,0
0.0,0.0,1.0,0.0,12,12,5,10,7,7,12,10,1,1,0,0,00-01,1,0,0,0,0,0,1,0,0,0,0,0,0,0,0,0,0,0,0,0,0,0,0,0,0,0,0,0,0,0,0,0,0,0,0
1.0,1.0,2.0,0.0,11,12,7,7,9,9,13,15,4,1,0,0,00-01,1,0,0,0,0,0,0,0,0,0,1,0,0,0,0,0,0,0,0,0,0,0,0,0,0,0,0,0,0,0,0,0,0,0,0
0.0,0.0,1.0,0.0,6,4,3,0,5,4,13,14,5,3,0,0,00-01,1,0,0,0,0,0,0,0,0,0,0,0,0,0,0,0,0,0,0,0,1,0,0,0,0,0,0,0,0,0,0,0,0,0,0
0.0,0.0,0.0,1.0,6,10,2,3,6,3,9,16,3,3,0,0,00-01,1,0,0,0,0,0,0,0,0,0,0,0,0,0,0,0,1,0,0,0,0,0,0,0,0,0,0,0,0,0,0,0,0,0,0
1.0,0.0,0.0,1.0,18,8,8,4,7,0,16,18,1,2,0,0,01-02,1,0,0,0,0,0,0,0,0,0,0,0,0,0,0,0,0,0,0,0,0,0,1,0,0,0,0,0,0,0,0,0,0,0,0
1.0,2.0,0.0,1.0,18,9,6,4,8,3,23,18,1,3,0,0,01-02,1,0,0,0,0,0,0,0,0,0,0,1,0,0,0,0,0,0,0,0,0,0,0,0,0,0,0,0,0,0,0,0,0,0,0
1.0,0.0,1.0,0.0,17,10,10,4,8,6,15,19,1,5,0,0,01-02,1,0,0,0,0,0,0,0,0,0,0,0,0,0,0,0,0,0,0,0,0,0,0,0,0,0,0,0,0,0,0,0,0,1,0
1.0,1.0,0.0,1.0,12,11,8,4,10,8,20,19,2,2,0,0,01-02,1,0,0,0,0,0,0,0,0,0,0,0,0,0,0,0,1,0,0,0,0,0,0,0,0,0,0,0,0,0,0,0,0,0,0
1.0,0.0,1.0,0.0,16,11,6,4,9,6,13,20,0,3,0,0,01-02,1,0,0,0,0,0,0,0,0,0,0,0,0,0,0,1,0,0,0,0,0,0,0,0,0,0,0,0,0,0,0,0,0,0,0
1.0,0.0,0.0,1.0,12,10,6,5,5,9,19,15,1,3,0,0,01-02,1,0,0,0,0,0,0,0,0,0,0,0,0,0,0,0,0,0,0,0,0,0,0,0,0,0,1,0,0,0,0,0,0,0,0
1.0,2.0,1.0,1.0,13,9,6,4,13,2,9,10,3,1,0,0,01-02,1,0,0,0,0,0,0,0,0,0,0,0,0,0,0,0,0,0,0,0,0,0,0,0,0,0,0,1,0,0,0,0,0,0,0
1.0,1.0,0.0,1.0,18,4,7,2,7,2,11,9,1,1,0,0,01-02,1,0,0,0,0,0,0,0,0,0,0,0,1,0,0,0,0,0,0,0,0,0,0,0,0,0,0,0,0,0,0,0,0,0,0
1.0,1.0,1.0,1.0,20,19,9,9,5,6,17,14,2,2,0,0,01-02,1,0,0,0,0,0,0,0,0,0,0,0,0,0,0,0,0,0,0,0,0,0,0,0,0,0,0,0,1,0,0,0,0,0,0
0.0,0.0,0.0,1.0,19,13,2,5,8,2,24,25,2,3,0,1,01-02,1,0,0,0,0,0,0,0,0,0,0,0,0,0,0,0,0,0,0,0,0,0,0,0,1,0,0,0,0,0,0,0,0,0,0
1.0,1.0,1.0,1.0,22,9,9,3,10,2,16,24,1,2,0,0,01-02,1,0,0,0,0,0,0,0,0,0,0,0,0,1,0,0,0,0,0,0,0,0,0,0,0,0,0,0,0,0,0,0,0,0,0
1.0,1.0,0.0,1.0,11,11,5,2,3,6,20,17,2,2,0,0,01-02,1,0,0,0,0,0,0,0,0,0,0,0,0,0,0,0,0,0,0,0,0,0,0,0,0,1,0,0,0,0,0,0,0,0,0
1.0,0.0,0.0,1.0,17,12,8,4,5,3,18,20,3,1,0,0,01-02,1,0,0,0,0,0,0,0,0,0,0,0,0,0,0,0,0,0,0,0,0,0,0,0,0,0,0,0,0,0,0,0,0,0,1
1.0,0.0,0.0,1.0,11,12,5,5,7,3,18,18,3,3,1,0,01-02,1,0,1,0,0,0,0,0,0,0,0,0,0,0,0,0,0,0,0,0,0,0,0,0,0,0,0,0,0,0,0,0,0,0,0
0.0,1.0,2.0,0.0,10,6,6,3,6,3,22,18,4,2,0,0,01-02,1,0,0,0,0,0,0,0,0,0,0,0,0,0,0,0,0,0,0,0,1,0,0,0,0,0,0,0,0,0,0,0,0,0,0
1.0,0.0,0.0,1.0,20,10,8,4,7,3,22,16,3,1,0,0,01-02,1,0,0,0,0,0,1,0,0,0,0,0,0,0,0,0,0,0,0,0,0,0,0,0,0,0,0,0,0,0,0,0,0,0,0
1.0,2.0,0.0,1.0,19,5,10,1,10,2,12,17,0,3,0,0,01-02,1,0,0,0,0,1,0,0,0,0,0,0,0,0,0,0,0,0,0,0,0,0,0,0,0,0,0,0,0,0,0,0,0,0,0
0.0,1.0,0.0,1.0,0,0,0,0,0,0,0,0,0,0,0,0,02-03,1,0,0,0,0,0,0,0,0,0,0,0,0,0,0,0,0,0,0,0,0,0,0,0,0,0,1,0,0,0,0,0,0,0,0
1.0,0.0,0.0,1.0,0,0,0,0,0,0,0,0,0,0,0,0,02-03,1,0,0,1,0,0,0,0,0,0,0,0,0,0,0,0,0,0,0,0,0,0,0,0,0,0,0,0,0,0,0,0,0,0,0
1.0,0.0,0.0,1.0,0,0,0,0,0,0,0,0,0,0,0,0,02-03,1,0,0,0,0,0,0,0,0,0,0,0,0,0,0,0,0,0,0,0,0,0,0,0,1,0,0,0,0,0,0,0,0,0,0
1.0,1.0,0.0,1.0,0,0,0,0,0,0,0,0,0,0,0,0,02-03,1,0,0,0,0,1,0,0,0,0,0,0,0,0,0,0,0,0,0,0,0,0,0,0,0,0,0,0,0,0,0,0,0,0,0
0.0,0.0,1.0,0.0,0,0,0,0,0,0,0,0,0,0,0,0,02-03,1,0,0,0,0,0,0,0,0,0,0,0,0,0,1,0,0,0,0,0,0,0,0,0,0,0,0,0,0,0,0,0,0,0,0
0.0,0.0,2.0,0.0,0,0,0,0,0,0,0,0,0,0,0,0,02-03,1,0,0,0,1,0,0,0,0,0,0,0,0,0,0,0,0,0,0,0,0,0,0,0,0,0,0,0,0,0,0,0,0,0,0
0.0,0.0,2.0,0.0,0,0,0,0,0,0,0,0,0,0,0,0,02-03,1,0,1,0,0,0,0,0,0,0,0,0,0,0,0,0,0,0,0,0,0,0,0,0,0,0,0,0,0,0,0,0,0,0,0
1.0,1.0,0.0,1.0,0,0,0,0,0,0,0,0,0,0,0,0,02-03,1,0,0,0,0,0,0,0,0,0,0,0,0,0,0,0,0,0,0,0,0,0,0,0,0,0,0,0,0,0,0,0,0,0,1
1.0,1.0,0.0,1.0,0,0,0,0,0,0,0,0,0,0,0,0,02-03,1,0,0,0,0,0,0,0,0,0,0,0,0,0,0,0,1,0,0,0,0,0,0,0,0,0,0,0,0,0,0,0,0,0,0
0.0,1.0,1.0,1.0,0,0,0,0,0,0,0,0,0,0,0,0,02-03,1,0,0,0,0,0,0,0,0,0,0,0,0,0,0,0,0,0,0,0,0,0,0,0,0,0,0,0,1,0,0,0,0,0,0
1.0,1.0,0.0,1.0,0,0,0,0,0,0,0,0,0,0,0,0,02-03,1,0,0,0,0,0,0,0,0,0,0,0,0,0,0,0,0,0,0,0,0,0,1,0,0,0,0,0,0,0,0,0,0,0,0
1.0,0.0,0.0,1.0,0,0,0,0,0,0,0,0,0,0,0,0,02-03,1,0,0,0,0,0,0,0,0,0,0,0,0,1,0,0,0,0,0,0,0,0,0,0,0,0,0,0,0,0,0,0,0,0,0
1.0,2.0,0.0,1.0,0,0,0,0,0,0,0,0,0,0,0,0,02-03,1,0,0,0,0,0,0,0,0,0,0,0,0,0,0,0,0,0,0,0,0,0,0,0,0,1,0,0,0,0,0,0,0,0,0
1.0,1.0,0.0,1.0,0,0,0,0,0,0,0,0,0,0,0,0,02-03,1,0,0,0,0,0,0,0,0,0,0,0,0,0,0,0,0,0,0,0,1,0,0,0,0,0,0,0,0,0,0,0,0,0,0
1.0,0.0,0.0,1.0,0,0,0,0,0,0,0,0,0,0,0,0,02-03,1,0,0,0,0,0,0,0,0,0,0,0,0,0,0,1,0,0,0,0,0,0,0,0,0,0,0,0,0,0,0,0,0,0,0
1.0,0.0,0.0,1.0,0,0,0,0,0,0,0,0,0,0,0,0,02-03,1,0,0,0,0,0,0,0,0,0,0,0,0,0,0,0,0,0,0,0,0,0,0,0,0,0,0,0,0,0,0,0,0,1,0
1.0,0.0,0.0,1.0,0,0,0,0,0,0,0,0,0,0,0,0,02-03,1,0,0,0,0,0,1,0,0,0,0,0,0,0,0,0,0,0,0,0,0,0,0,0,0,0,0,0,0,0,0,0,0,0,0
0.0,0.0,1.0,0.0,13,15,0,0,8,8,17,21,2,3,1,0,03-04,1,0,0,0,0,0,0,0,0,0,0,0,0,0,0,0,0,0,0,0,0,0,0,0,1,0,0,0,0,0,0,0,0,0,0
1.0,0.0,0.0,1.0,22,13,0,0,12,7,27,26,3,4,0,0,03-04,1,0,0,0,0,0,0,0,0,0,0,0,0,0,1,0,0,0,0,0,0,0,0,0,0,0,0,0,0,0,0,0,0,0,0
1.0,1.0,0.0,1.0,18,6,0,0,4,4,27,31,3,2,0,0,03-04,1,0,0,0,0,0,0,0,0,0,0,0,0,1,0,0,0,0,0,0,0,0,0,0,0,0,0,0,0,0,0,0,0,0,0
0.0,0.0,1.0,0.0,17,12,0,0,10,1,20,27,2,2,0,0,03-04,1,0,0,0,0,0,0,0,0,0,0,0,0,0,0,0,0,0,0,0,0,0,0,0,0,0,1,0,0,0,0,0,0,0,0
1.0,1.0,0.0,1.0,17,13,0,0,6,0,28,23,3,3,0,0,03-04,1,0,0,0,0,0,0,0,0,0,0,1,0,0,0,0,0,0,0,0,0,0,0,0,0,0,0,0,0,0,0,0,0,0,0
1.0,0.0,0.0,1.0,27,14,0,0,8,6,18,21,1,1,0,0,03-04,1,0,0,0,0,0,0,0,0,0,1,0,0,0,0,0,0,0,0,0,0,0,0,0,0,0,0,0,0,0,0,0,0,0,0
1.0,0.0,2.0,0.0,22,12,0,0,7,1,24,30,3,2,0,0,03-04,1,0,0,0,1,0,0,0,0,0,0,0,0,0,0,0,0,0,0,0,0,0,0,0,0,0,0,0,0,0,0,0,0,0,0
0.0,0.0,0.0,1.0,11,21,0,0,1,6,25,16,3,2,0,0,03-04,1,0,1,0,0,0,0,0,0,0,0,0,0,0,0,0,0,0,0,0,0,0,0,0,0,0,0,0,0,0,0,0,0,0,0
1.0,2.0,1.0,1.0,36,11,0,0,5,2,26,30,3,3,0,1,03-04,1,0,0,0,0,0,0,0,0,0,0,0,0,0,0,1,0,0,0,0,0,0,0,0,0,0,0,0,0,0,0,0,0,0,0
0.0,0.0,1.0,0.0,14,24,0,0,10,8,24,21,3,2,0,0,04-05,1,0,0,0,0,0,0,0,0,0,0,0,0,0,0,0,0,0,0,0,0,0,0,0,0,1,0,0,0,0,0,0,0,0,0
0.0,2.0,1.0,1.0,10,18,0,0,2,5,26,13,3,0,0,0,04-05,1,0,0,0,0,0,0,0,0,0,0,0,0,0,0,0,0,0,0,0,0,0,0,0,0,0,0,0,1,0,0,0,0,0,0
1.0,1.0,0.0,1.0,14,16,0,0,4,5,25,28,3,5,0,0,04-05,1,0,0,0,0,0,0,0,0,0,0,0,0,1,0,0,0,0,0,0,0,0,0,0,0,0,0,0,0,0,0,0,0,0,0
0.0,0.0,1.0,0.0,13,11,0,0,6,5,21,23,2,4,0,0,04-05,1,0,0,0,0,0,0,0,0,0,0,0,0,0,0,0,1,0,0,0,0,0,0,0,0,0,0,0,0,0,0,0,0,0,0
1.0,0.0,0.0,1.0,14,16,0,0,7,3,25,18,2,0,0,0,04-05,1,0,0,0,0,0,0,0,0,0,0,0,0,0,0,0,0,0,0,0,1,0,0,0,0,0,0,0,0,0,0,0,0,0,0
1.0,0.0,0.0,1.0,25,16,0,0,9,3,28,15,2,2,0,0,04-05,1,0,0,1,0,0,0,0,0,0,0,0,0,0,0,0,0,0,0,0,0,0,0,0,0,0,0,0,0,0,0,0,0,0,0
1.0,0.0,0.0,1.0,15,18,0,0,5,7,14,25,1,2,0,0,04-05,1,0,0,0,0,0,1,0,0,0,0,0,0,0,0,0,0,0,0,0,0,0,0,0,0,0,0,0,0,0,0,0,0,0,0
1.0,1.0,0.0,1.0,16,9,0,0,3,6,26,23,0,1,0,0,04-05,1,0,0,0,0,0,0,0,0,0,0,0,1,0,0,0,0,0,0,0,0,0,0,0,0,0,0,0,0,0,0,0,0,0,0
1.0,1.0,0.0,1.0,19,19,0,0,4,2,22,13,2,4,0,0,04-05,1,0,0,0,0,0,0,0,0,0,0,0,0,0,0,0,0,0,0,0,0,0,0,1,0,0,0,0,0,0,0,0,0,0,0
1.0,0.0,0.0,1.0,4,14,0,0,0,8,24,18,4,4,0,0,04-05,1,0,0,0,0,0,0,0,0,0,0,0,0,0,0,0,0,0,0,0,0,0,0,0,0,0,1,0,0,0,0,0,0,0,0
1.0,1.0,0.0,1.0,11,12,0,0,3,1,24,18,0,3,0,1,04-05,1,0,0,0,0,0,0,0,0,0,0,0,0,0,0,1,0,0,0,0,0,0,0,0,0,0,0,0,0,0,0,0,0,0,0
1.0,0.0,0.0,1.0,15,13,0,0,6,4,23,17,4,5,0,1,04-05,1,0,0,0,0,0,0,0,0,0,0,0,0,0,0,0,0,0,0,0,0,0,0,0,0,0,0,0,0,0,0,0,0,0,1
1.0,1.0,0.0,1.0,17,17,0,0,3,5,23,19,1,1,0,0,04-05,1,0,0,0,0,0,0,0,0,0,0,0,0,0,0,0,0,0,0,0,0,0,1,0,0,0,0,0,0,0,0,0,0,0,0
0.0,0.0,0.0,1.0,18,8,0,0,8,1,21,19,2,2,0,0,04-05,1,0,0,0,0,0,0,0,0,0,0,0,0,0,1,0,0,0,0,0,0,0,0,0,0,0,0,0,0,0,0,0,0,0,0
0.0,0.0,1.0,0.0,24,15,0,0,9,9,20,18,2,4,0,0,04-05,1,0,0,0,1,0,0,0,0,0,0,0,0,0,0,0,0,0,0,0,0,0,0,0,0,0,0,0,0,0,0,0,0,0,0
0.0,0.0,2.0,0.0,9,19,0,0,3,11,19,15,4,1,0,0,04-05,1,0,1,0,0,0,0,0,0,0,0,0,0,0,0,0,0,0,0,0,0,0,0,0,0,0,0,0,0,0,0,0,0,0,0
0.0,1.0,2.0,0.0,5,22,0,0,4,6,24,19,0,2,0,0,04-05,1,0,0,0,0,0,0,0,0,0,0,0,0,0,0,0,0,0,0,0,0,0,0,0,0,0,0,0,0,0,0,0,0,1,0
1.0,2.0,1.0,1.0,28,11,0,0,4,3,21,15,3,3,0,0,05-06,1,0,0,0,0,0,0,0,1,0,0,0,0,0,0,0,0,0,0,0,0,0,0,0,0,0,0,0,0,0,0,0,0,0,0
0.0,0.0,3.0,0.0,12,18,0,0,2,6,16,15,1,3,0,0,05-06,1,0,0,0,0,0,0,0,0,0,0,0,0,0,0,0,0,0,0,0,0,0,0,0,0,0,0,0,0,0,0,0,0,1,0
0.0,0.0,1.0,0.0,9,14,0,0,8,4,27,24,3,1,1,0,05-06,1,0,0,0,0,0,0,0,0,0,0,0,0,0,0,0,0,0,0,0,0,0,0,1,0,0,0,0,0,0,0,0,0,0,0
0.0,0.0,1.0,0.0,10,17,0,0,2,6,13,19,2,1,1,0,05-06,1,0,0,0,0,0,0,0,0,0,0,0,0,1,0,0,0,0,0,0,0,0,0,0,0,0,0,0,0,0,0,0,0,0,0
1.0,1.0,3.0,0.0,16,21,0,0,7,5,19,12,2,2,0,0,05-06,1,0,0,0,0,0,1,0,0,0,0,0,0,0,0,0,0,0,0,0,0,0,0,0,0,0,0,0,0,0,0,0,0,0,0
1.0,1.0,1.0,1.0,13,20,0,0,6,5,16,17,1,2,0,0,05-06,1,0,0,0,0,0,0,0,0,0,0,0,0,0,0,0,0,0,0,0,1,0,0,0,0,0,0,0,0,0,0,0,0,0,0
0.0,1.0,1.0,1.0,10,12,0,0,5,3,29,22,1,2,0,0,05-06,1,0,0,0,0,0,0,0,0,0,0,0,0,0,0,0,0,0,0,0,0,0,0,0,0,1,0,0,0,0,0,0,0,0,0
0.0,0.0,0.0,1.0,12,6,0,0,3,2,24,26,3,2,0,0,05-06,1,0,0,0,0,0,0,0,0,0,1,0,0,0,0,0,0,0,0,0,0,0,0,0,0,0,0,0,0,0,0,0,0,0,0
1.0,1.0,0.0,1.0,21,14,0,0,7,5,24,27,2,4,0,0,05-06,1,0,0,0,0,0,0,0,0,0,0,0,0,0,0,0,0,0,0,0,0,0,0,0,0,0,0,0,0,0,0,0,0,0,1
0.0,0.0,1.0,0.0,12,17,0,0,4,5,31,23,2,3,0,0,05-06,1,0,0,0,0,0,0,0,0,0,0,0,0,0,0,0,0,0,0,0,0,0,0,0,0,0,1,0,0,0,0,0,0,0,0
1.0,1.0,1.0,1.0,21,9,0,0,6,3,21,31,2,3,0,0,05-06,1,0,0,0,0,0,0,0,0,0,0,1,0,0,0,0,0,0,0,0,0,0,0,0,0,0,0,0,0,0,0,0,0,0,0
1.0,1.0,0.0,1.0,9,16,0,0,1,6,14,13,0,2,0,0,05-06,1,0,0,1,0,0,0,0,0,0,0,0,0,0,0,0,0,0,0,0,0,0,0,0,0,0,0,0,0,0,0,0,0,0,0
1.0,1.0,0.0,1.0,15,15,0,0,7,8,14,13,2,2,0,0,05-06,1,0,0,0,0,0,0,0,0,0,0,0,0,0,0,0,0,0,0,0,0,0,0,0,0,0,0,0,1,0,0,0,0,0,0
1.0,2.0,0.0,1.0,8,15,0,0,1,7,25,18,1,2,0,0,05-06,1,0,0,0,0,0,0,0,0,0,0,0,0,0,0,0,0,0,0,0,0,0,1,0,0,0,0,0,0,0,0,0,0,0,0
0.0,0.0,2.0,0.0,13,12,0,0,2,2,24,17,2,1,0,0,05-06,1,0,0,0,0,0,0,0,0,0,0,0,0,0,0,0,1,0,0,0,0,0,0,0,0,0,0,0,0,0,0,0,0,0,0
1.0,1.0,0.0,1.0,8,15,0,0,1,6,23,28,3,5,0,0,05-06,1,0,0,0,0,0,0,0,0,0,0,0,0,0,1,0,0,0,0,0,0,0,0,0,0,0,0,0,0,0,0,0,0,0,0
1.0,1.0,0.0,1.0,5,18,0,0,3,8,15,13,1,0,0,0,05-06,1,0,1,0,0,0,0,0,0,0,0,0,0,0,0,0,0,0,0,0,0,0,0,0,0,0,0,0,0,0,0,0,0,0,0
1.0,2.0,0.0,1.0,11,20,2,3,7,7,24,13,0,1,1,0,10-11,1,0,1,0,0,0,0,0,0,0,0,0,0,0,0,0,0,0,0,0,0,0,0,0,0,0,0,0,0,0,0,0,0,0,0
1.0,0.0,1.0,0.0,16,6,5,4,9,3,17,16,1,0,0,0,10-11,1,0,0,0,0,0,0,0,0,0,0,0,0,0,0,0,0,1,0,0,0,0,0,0,0,0,0,0,0,0,0,0,0,0,0
0.0,0.0,1.0,0.0,19,5,5,2,7,4,18,20,0,3,0,0,10-11,1,0,0,0,0,0,0,0,0,0,0,0,0,0,1,0,0,0,0,0,0,0,0,0,0,0,0,0,0,0,0,0,0,0,0
0.0,0.0,1.0,0.0,10,9,3,6,4,2,18,16,1,3,0,0,10-11,1,0,0,0,0,0,0,0,0,0,1,0,0,0,0,0,0,0,0,0,0,0,0,0,0,0,0,0,0,0,0,0,0,0,0
1.0,0.0,0.0,1.0,14,13,5,3,9,4,22,15,2,1,0,0,10-11,1,0,0,0,0,0,0,0,0,0,0,0,0,0,0,0,0,0,0,0,0,0,1,0,0,0,0,0,0,0,0,0,0,0,0
1.0,0.0,2.0,0.0,16,12,5,7,3,4,17,18,3,2,0,0,10-11,1,0,0,0,0,0,0,0,0,0,0,0,0,0,0,0,0,0,0,0,0,0,0,0,0,0,0,0,1,0,0,0,0,0,0
1.0,2.0,0.0,1.0,15,6,8,3,8,2,19,16,3,2,0,0,10-11,1,0,0,0,0,0,0,0,0,0,0,0,0,0,0,0,0,0,0,0,0,0,0,0,0,0,1,0,0,0,0,0,0,0,0
1.0,0.0,0.0,1.0,18,5,2,0,5,0,15,16,1,3,0,0,10-11,1,0,0,0,0,0,0,0,0,0,0,0,0,0,0,0,0,0,0,0,0,0,0,0,0,0,0,0,0,0,0,0,0,0,1
1.0,0.0,1.0,0.0,15,14,4,3,10,4,18,24,1,6,1,0,10-11,1,0,0,0,0,0,0,0,0,0,0,1,0,0,0,0,0,0,0,0,0,0,0,0,0,0,0,0,0,0,0,0,0,0,0
0.0,0.0,1.0,0.0,17,12,6,5,6,3,15,16,1,0,0,0,10-11,1,0,0,0,0,0,0,0,0,0,0,0,0,0,0,0,0,0,0,0,0,0,0,1,0,0,0,0,0,0,0,0,0,0,0
1.0,0.0,0.0,1.0,15,17,3,6,6,2,14,16,1,0,0,1,10-11,1,0,0,0,0,0,1,0,0,0,0,0,0,0,0,0,0,0,0,0,0,0,0,0,0,0,0,0,0,0,0,0,0,0,0
1.0,1.0,0.0,1.0,16,16,8,5,4,3,17,10,3,0,0,0,10-11,1,0,0,0,0,0,0,0,0,0,0,0,0,1,0,0,0,0,0,0,0,0,0,0,0,0,0,0,0,0,0,0,0,0,0
1.0,1.0,1.0,1.0,19,9,6,2,3,3,14,15,0,0,0,0,10-11,1,0,0,0,0,0,0,0,0,0,0,0,1,0,0,0,0,0,0,0,0,0,0,0,0,0,0,0,0,0,0,0,0,0,0
0.0,0.0,0.0,1.0,6,9,1,5,3,1,22,15,1,2,0,0,10-11,1,0,0,0,0,0,0,0,0,0,0,0,0,0,0,0,0,0,0,0,1,0,0,0,0,0,0,0,0,0,0,0,0,0,0
0.0,0.0,1.0,0.0,10,12,2,7,0,6,17,13,1,2,0,0,10-11,1,0,0,0,0,0,0,0,0,0,0,0,0,0,0,0,0,0,0,0,0,0,0,0,0,1,0,0,0,0,0,0,0,0,0
1.0,1.0,0.0,1.0,17,15,5,6,5,3,19,15,0,1,0,0,10-11,1,0,0,0,0,0,0,0,0,0,0,0,0,0,0,0,0,0,0,0,0,0,0,0,0,0,0,1,0,0,0,0,0,0,0
1.0,3.0,1.0,1.0,12,17,4,7,4,8,14,10,0,2,0,0,10-11,1,0,0,0,0,0,0,0,0,0,0,0,0,0,0,0,0,0,0,0,0,0,0,0,0,0,0,0,0,0,0,0,0,1,0
1.0,0.0,1.0,0.0,17,13,7,4,8,1,21,11,4,1,0,0,11-12,1,1,0,0,0,0,0,0,0,0,0,0,0,0,0,0,0,0,0,0,0,0,0,0,0,0,0,0,0,0,0,0,0,0,0
0.0,0.0,1.0,0.0,4,17,1,12,1,2,14,17,3,1,1,0,11-12,1,0,1,0,0,0,0,0,0,0,0,0,0,0,0,0,0,0,0,0,0,0,0,0,0,0,0,0,0,0,0,0,0,0,0
1.0,1.0,1.0,1.0,15,11,7,1,6,3,13,20,0,2,0,0,11-12,1,0,0,0,0,0,0,0,0,0,0,0,0,0,0,0,0,0,0,0,0,0,0,1,0,0,0,0,0,0,0,0,0,0,0
0.0,0.0,0.0,1.0,22,11,3,5,9,4,16,16,2,1,0,0,11-12,1,0,0,0,0,0,0,0,0,0,0,0,0,0,0,0,0,0,0,0,0,0,0,0,0,0,0,0,1,0,0,0,0,0,0
1.0,0.0,0.0,1.0,12,9,5,3,6,4,18,15,0,4,0,0,11-12,1,0,0,0,0,0,0,0,0,0,0,0,1,0,0,0,0,0,0,0,0,0,0,0,0,0,0,0,0,0,0,0,0,0,0
0.0,0.0,0.0,1.0,13,14,3,8,8,2,12,16,1,1,0,0,11-12,1,0,0,0,0,0,0,0,0,0,0,0,0,0,0,0,0,0,0,0,1,0,0,0,0,0,0,0,0,0,0,0,0,0,0
1.0,1.0,1.0,1.0,21,6,4,3,5,0,18,16,3,1,0,0,11-12,1,0,0,0,0,0,0,0,0,0,0,0,0,0,0,0,1,0,0,0,0,0,0,0,0,0,0,0,0,0,0,0,0,0,0
1.0,0.0,1.0,0.0,19,8,7,1,6,0,13,11,1,2,1,0,11-12,1,0,0,0,0,0,0,0,0,0,0,0,0,0,1,0,0,0,0,0,0,0,0,0,0,0,0,0,0,0,0,0,0,0,0
1.0,0.0,0.0,1.0,19,14,5,6,4,2,22,16,2,3,0,0,11-12,1,0,0,0,0,0,0,0,0,0,0,0,0,0,0,0,0,0,0,0,0,0,0,0,0,0,0,0,0,0,0,0,0,1,0
0.0,0.0,0.0,1.0,6,18,3,4,3,9,14,13,2,0,1,0,11-12,1,0,0,0,0,0,0,0,0,0,0,1,0,0,0,0,0,0,0,0,0,0,0,0,0,0,0,0,0,0,0,0,0,0,0
0.0,0.0,2.0,0.0,14,8,6,2,2,0,18,18,3,1,0,0,11-12,1,0,0,0,0,0,0,0,0,0,0,0,0,0,0,0,0,0,0,0,0,0,1,0,0,0,0,0,0,0,0,0,0,0,0
1.0,0.0,0.0,1.0,12,15,5,6,6,9,12,22,2,1,0,0,11-12,1,0,0,0,0,0,0,0,0,0,0,0,0,0,0,0,0,0,0,0,0,0,0,0,0,0,0,0,0,0,0,0,0,0,1
0.0,1.0,2.0,0.0,10,19,3,5,3,5,13,15,0,0,0,0,11-12,1,0,0,0,0,0,0,0,0,0,0,0,0,0,0,0,0,0,0,0,0,0,0,0,0,0,1,0,0,0,0,0,0,0,0
0.0,0.0,1.0,0.0,18,12,6,5,10,5,24,14,4,2,0,0,11-12,1,0,0,0,0,0,0,0,0,0,0,0,0,1,0,0,0,0,0,0,0,0,0,0,0,0,0,0,0,0,0,0,0,0,0
0.0,0.0,1.0,0.0,14,13,5,5,3,1,21,24,3,2,0,0,11-12,1,0,0,0,0,0,0,0,0,0,0,0,0,0,0,0,0,1,0,0,0,0,0,0,0,0,0,0,0,0,0,0,0,0,0
0.0,0.0,1.0,0.0,15,11,4,3,6,1,11,17,3,3,0,0,11-12,1,0,0,0,0,0,0,0,0,0,0,0,0,0,0,0,0,0,0,0,0,0,0,0,0,1,0,0,0,0,0,0,0,0,0
0.0,1.0,3.0,0.0,10,17,5,6,1,2,7,7,1,1,0,0,11-12,1,0,0,0,0,0,1,0,0,0,0,0,0,0,0,0,0,0,0,0,0,0,0,0,0,0,0,0,0,0,0,0,0,0,0
1.0,0.0,0.0,0.0,0,0,0,0,0,0,0,0,0,0,0,0,93-94,1,0,0,0,0,0,0,0,0,0,0,0,0,0,0,0,0,0,0,0,0,1,0,0,0,0,0,0,0,0,0,0,0,0,0
0.0,0.0,0.0,0.0,0,0,0,0,0,0,0,0,0,0,0,0,93-94,1,0,0,0,0,0,0,0,0,0,0,0,0,0,0,0,0,0,0,0,0,0,0,0,0,0,0,0,0,0,0,0,0,1,0
1.0,0.0,0.0,0.0,0,0,0,0,0,0,0,0,0,0,0,0,93-94,1,0,0,0,0,0,0,0,0,0,0,0,0,0,0,0,0,0,0,0,0,0,0,0,0,1,0,0,0,0,0,0,0,0,0
1.0,0.0,0.0,0.0,0,0,0,0,0,0,0,0,0,0,0,0,93-94,1,0,0,0,0,0,0,0,0,0,0,0,0,0,0,0,0,0,0,0,0,0,0,0,0,0,1,0,0,0,0,0,0,0,0
1.0,0.0,0.0,0.0,0,0,0,0,0,0,0,0,0,0,0,0,93-94,1,0,0,0,0,0,0,0,0,0,0,0,0,0,0,0,0,0,0,0,1,0,0,0,0,0,0,0,0,0,0,0,0,0,0
1.0,0.0,0.0,0.0,0,0,0,0,0,0,0,0,0,0,0,0,93-94,1,0,0,0,0,0,0,0,0,0,0,0,0,0,0,0,0,0,0,0,0,0,0,0,0,0,0,0,1,0,0,0,0,0,0
1.0,0.0,0.0,0.0,0,0,0,0,0,0,0,0,0,0,0,0,93-94,1,0,0,0,0,0,0,0,1,0,0,0,0,0,0,0,0,0,0,0,0,0,0,0,0,0,0,0,0,0,0,0,0,0,0
1.0,0.0,0.0,0.0,0,0,0,0,0,0,0,0,0,0,0,0,93-94,1,0,0,0,0,0,0,0,0,0,0,0,0,0,0,0,0,0,0,0,0,0,0,0,0,0,0,0,0,0,0,0,1,0,0
1.0,0.0,0.0,0.0,0,0,0,0,0,0,0,0,0,0,0,0,93-94,1,0,0,0,0,0,0,0,0,0,0,0,0,1,0,0,0,0,0,0,0,0,0,0,0,0,0,0,0,0,0,0,0,0,0
1.0,0.0,0.0,0.0,0,0,0,0,0,0,0,0,0,0,0,0,93-94,1,0,0,0,0,0,0,0,0,0,0,1,0,0,0,0,0,0,0,0,0,0,0,0,0,0,0,0,0,0,0,0,0,0,0
1.0,0.0,0.0,0.0,0,0,0,0,0,0,0,0,0,0,0,0,93-94,1,0,0,0,0,0,0,0,0,0,1,0,0,0,0,0,0,0,0,0,0,0,0,0,0,0,0,0,0,0,0,0,0,0,0
1.0,0.0,0.0,0.0,0,0,0,0,0,0,0,0,0,0,0,0,93-94,1,0,0,0,0,0,0,0,0,0,0,0,0,0,0,0,0,0,1,0,0,0,0,0,0,0,0,0,0,0,0,0,0,0,0
1.0,0.0,0.0,0.0,0,0,0,0,0,0,0,0,0,0,0,0,93-94,1,0,0,0,0,0,0,0,0,0,0,0,1,0,0,0,0,0,0,0,0,0,0,0,0,0,0,0,0,0,0,0,0,0,0
1.0,0.0,0.0,0.0,0,0,0,0,0,0,0,0,0,0,0,0,93-94,1,0,0,0,0,0,0,1,0,0,0,0,0,0,0,0,0,0,0,0,0,0,0,0,0,0,0,0,0,0,0,0,0,0,0
1.0,0.0,0.0,0.0,0,0,0,0,0,0,0,0,0,0,0,0,93-94,1,0,0,0,0,0,0,0,0,0,0,0,0,0,0,0,0,0,0,1,0,0,0,0,0,0,0,0,0,0,0,0,0,0,0
1.0,0.0,0.0,0.0,0,0,0,0,0,0,0,0,0,0,0,0,93-94,1,0,1,0,0,0,0,0,0,0,0,0,0,0,0,0,0,0,0,0,0,0,0,0,0,0,0,0,0,0,0,0,0,0,0
1.0,0.0,0.0,0.0,0,0,0,0,0,0,0,0,0,0,0,0,93-94,1,0,0,0,0,0,1,0,0,0,0,0,0,0,0,0,0,0,0,0,0,0,0,0,0,0,0,0,0,0,0,0,0,0,0
1.0,0.0,0.0,0.0,0,0,0,0,0,0,0,0,0,0,0,0,94-95,1,0,0,0,0,0,0,0,0,0,1,0,0,0,0,0,0,0,0,0,0,0,0,0,0,0,0,0,0,0,0,0,0,0,0
1.0,0.0,0.0,0.0,0,0,0,0,0,0,0,0,0,0,0,0,94-95,1,0,0,0,0,0,0,0,0,0,0,0,0,0,0,0,0,0,0,0,0,0,0,0,0,0,0,0,1,0,0,0,0,0,0
1.0,0.0,0.0,0.0,0,0,0,0,0,0,0,0,0,0,0,0,94-95,1,0,0,0,0,0,0,0,0,0,0,0,0,0,0,0,0,0,0,0,0,0,0,0,0,0,1,0,0,0,0,0,0,0,0
1.0,0.0,0.0,0.0,0,0,0,0,0,0,0,0,0,0,0,0,94-95,1,0,1,0,0,0,0,0,0,0,0,0,0,0,0,0,0,0,0,0,0,0,0,0,0,0,0,0,0,0,0,0,0,0,0
1.0,0.0,0.0,0.0,0,0,0,0,0,0,0,0,0,0,0,0,94-95,1,0,0,0,0,0,0,0,0,0,0,0,0,0,0,0,0,0,0,0,0,0,0,0,0,0,0,0,0,0,0,0,0,1,0
1.0,0.0,0.0,0.0,0,0,0,0,0,0,0,0,0,0,0,0,94-95,1,0,0,0,0,0,0,0,0,0,0,0,1,0,0,0,0,0,0,0,0,0,0,0,0,0,0,0,0,0,0,0,0,0,0
1.0,0.0,0.0,0.0,0,0,0,0,0,0,0,0,0,0,0,0,94-95,1,0,0,0,0,0,0,0,1,0,0,0,0,0,0,0,0,0,0,0,0,0,0,0,0,0,0,0,0,0,0,0,0,0,0
1.0,0.0,0.0,0.0,0,0,0,0,0,0,0,0,0,0,0,0,94-95,1,0,0,0,0,0,0,0,0,0,0,0,0,0,0,0,0,0,0,0,0,0,0,0,1,0,0,0,0,0,0,0,0,0,0
1.0,0.0,0.0,0.0,0,0,0,0,0,0,0,0,0,0,0,0,94-95,1,0,0,0,0,0,0,0,0,0,0,0,0,0,0,0,0,0,0,0,1,0,0,0,0,0,0,0,0,0,0,0,0,0,0
1.0,0.0,0.0,0.0,0,0,0,0,0,0,0,0,0,0,0,0,94-95,1,0,0,0,0,0,1,0,0,0,0,0,0,0,0,0,0,0,0,0,0,0,0,0,0,0,0,0,0,0,0,0,0,0,0
1.0,0.0,0.0,0.0,0,0,0,0,0,0,0,0,0,0,0,0,94-95,1,0,0,0,0,0,0,0,0,0,0,0,0,0,0,0,0,0,0,0,0,0,0,0,0,0,0,0,0,1,0,0,0,0,0
1.0,0.0,0.0,0.0,0,0,0,0,0,0,0,0,0,0,0,0,94-95,1,0,0,0,0,0,0,0,0,0,0,0,0,0,0,0,0,0,1,0,0,0,0,0,0,0,0,0,0,0,0,0,0,0,0
1.0,0.0,0.0,0.0,0,0,0,0,0,0,0,0,0,0,0,0,94-95,1,0,0,0,0,0,0,1,0,0,0,0,0,0,0,0,0,0,0,0,0,0,0,0,0,0,0,0,0,0,0,0,0,0,0
1.0,0.0,0.0,0.0,0,0,0,0,0,0,0,0,0,0,0,0,94-95,1,0,0,0,1,0,0,0,0,0,0,0,0,0,0,0,0,0,0,0,0,0,0,0,0,0,0,0,0,0,0,0,0,0,0
1.0,0.0,0.0,0.0,0,0,0,0,0,0,0,0,0,0,0,0,94-95,1,0,0,0,0,0,0,0,0,0,0,0,0,0,0,0,0,0,0,0,0,0,1,0,0,0,0,0,0,0,0,0,0,0,0
1.0,0.0,0.0,0.0,0,0,0,0,0,0,0,0,0,0,0,0,94-95,1,0,0,0,0,0,0,0,0,0,0,0,0,1,0,0,0,0,0,0,0,0,0,0,0,0,0,0,0,0,0,0,0,0,0
1.0,0.0,0.0,0.0,0,0,0,0,0,0,0,0,0,0,0,0,94-95,1,0,0,0,0,0,0,0,0,0,0,1,0,0,0,0,0,0,0,0,0,0,0,0,0,0,0,0,0,0,0,0,0,0,0
0.0,0.0,1.0,0.0,0,0,0,0,0,0,0,0,0,0,0,0,95-96,1,0,0,0,0,0,0,0,0,0,0,0,0,0,0,0,0,0,0,0,0,0,1,0,0,0,0,0,0,0,0,0,0,0,0
1.0,1.0,0.0,1.0,0,0,0,0,0,0,0,0,0,0,0,0,95-96,1,0,0,0,0,0,0,0,0,0,0,0,0,0,0,0,0,0,0,0,0,0,0,0,0,0,0,0,1,0,0,0,0,0,0
0.0,1.0,2.0,0.0,0,0,0,0,0,0,0,0,0,0,0,0,95-96,1,0,1,0,0,0,0,0,0,0,0,0,0,0,0,0,0,0,0,0,0,0,0,0,0,0,0,0,0,0,0,0,0,0,0
1.0,1.0,1.0,1.0,0,0,0,0,0,0,0,0,0,0,0,0,95-96,1,0,0,0,0,0,0,0,0,0,0,1,0,0,0,0,0,0,0,0,0,0,0,0,0,0,0,0,0,0,0,0,0,0,0
1.0,1.0,0.0,1.0,0,0,0,0,0,0,0,0,0,0,0,0,95-96,1,0,0,0,0,0,0,0,0,1,0,0,0,0,0,0,0,0,0,0,0,0,0,0,0,0,0,0,0,0,0,0,0,0,0
1.0,1.0,1.0,1.0,0,0,0,0,0,0,0,0,0,0,0,0,95-96,1,0,0,0,0,0,0,0,0,0,0,0,0,0,0,0,0,0,1,0,0,0,0,0,0,0,0,0,0,0,0,0,0,0,0
1.0,0.0,0.0,1.0,0,0,0,0,0,0,0,0,0,0,0,0,95-96,1,0,0,0,0,0,0,0,0,0,0,0,0,0,0,0,0,0,0,0,0,0,0,0,1,0,0,0,0,0,0,0,0,0,0
0.0,0.0,0.0,1.0,0,0,0,0,0,0,0,0,0,0,0,0,95-96,1,0,0,0,0,0,0,0,0,0,0,0,1,0,0,0,0,0,0,0,0,0,0,0,0,0,0,0,0,0,0,0,0,0,0
1.0,0.0,0.0,1.0,0,0,0,0,0,0,0,0,0,0,0,0,95-96,1,0,0,0,0,0,0,0,0,0,0,0,0,0,0,0,0,0,0,0,1,0,0,0,0,0,0,0,0,0,0,0,0,0,0
1.0,1.0,1.0,1.0,0,0,0,0,0,0,0,0,0,0,0,0,95-96,1,0,0,0,0,0,1,0,0,0,0,0,0,0,0,0,0,0,0,0,0,0,0,0,0,0,0,0,0,0,0,0,0,0,0
1.0,0.0,0.0,1.0,0,0,0,0,0,0,0,0,0,0,0,0,95-96,1,0,0,0,0,0,0,0,0,0,0,0,0,0,0,0,0,0,0,0,0,0,0,0,0,0,0,1,0,0,0,0,0,0,0
1.0,0.0,0.0,1.0,0,0,0,0,0,0,0,0,0,0,0,0,95-96,1,0,0,0,0,0,0,0,0,0,1,0,0,0,0,0,0,0,0,0,0,0,0,0,0,0,0,0,0,0,0,0,0,0,0
1.0,0.0,0.0,1.0,0,0,0,0,0,0,0,0,0,0,0,0,95-96,1,0,0,0,0,0,0,0,0,0,0,0,0,0,0,0,0,0,0,0,0,0,0,0,0,0,0,0,0,0,0,0,0,1,0
1.0,0.0,0.0,1.0,0,0,0,0,0,0,0,0,0,0,0,0,95-96,1,0,0,0,0,0,0,0,0,0,0,0,0,0,0,0,0,0,0,0,0,0,0,0,0,0,1,0,0,0,0,0,0,0,0
0.0,0.0,1.0,0.0,0,0,0,0,0,0,0,0,0,0,0,0,95-96,1,0,0,0,0,0,0,0,0,0,0,0,0,1,0,0,0,0,0,0,0,0,0,0,0,0,0,0,0,0,0,0,0,0,0
1.0,2.0,0.0,1.0,0,0,0,0,0,0,0,0,0,0,0,0,95-96,1,0,0,0,0,0,0,0,0,0,0,0,0,0,0,0,0,0,0,0,0,0,0,0,0,0,0,0,0,1,0,0,0,0,0
1.0,2.0,0.0,1.0,0,0,0,0,0,0,0,0,0,0,0,0,95-96,1,0,0,0,0,0,0,0,0,0,0,0,0,0,0,1,0,0,0,0,0,0,0,0,0,0,0,0,0,0,0,0,0,0,0
1.0,0.0,0.0,1.0,0,0,0,0,0,0,0,0,0,0,0,0,97-98,1,0,0,0,0,0,0,0,0,0,0,0,0,0,0,0,1,0,0,0,0,0,0,0,0,0,0,0,0,0,0,0,0,0,0
1.0,2.0,0.0,1.0,0,0,0,0,0,0,0,0,0,0,0,0,97-98,1,0,0,0,0,0,0,0,0,0,0,0,0,0,0,0,0,0,0,0,0,0,0,0,0,0,1,0,0,0,0,0,0,0,0
1.0,1.0,2.0,0.0,0,0,0,0,0,0,0,0,0,0,0,0,97-98,1,0,0,0,0,0,0,0,0,0,0,0,0,0,0,0,0,0,0,0,0,0,0,0,0,0,0,0,1,0,0,0,0,0,0
0.0,1.0,0.0,1.0,0,0,0,0,0,0,0,0,0,0,0,0,97-98,1,0,0,0,0,0,0,0,0,0,0,0,0,0,0,0,0,0,0,0,0,0,0,0,0,0,0,0,0,0,0,0,0,1,0
1.0,2.0,1.0,1.0,0,0,0,0,0,0,0,0,0,0,0,0,97-98,1,0,0,1,0,0,0,0,0,0,0,0,0,0,0,0,0,0,0,0,0,0,0,0,0,0,0,0,0,0,0,0,0,0,0
1.0,1.0,0.0,1.0,0,0,0,0,0,0,0,0,0,0,0,0,97-98,1,0,0,0,0,0,0,0,1,0,0,0,0,0,0,0,0,0,0,0,0,0,0,0,0,0,0,0,0,0,0,0,0,0,0
1.0,2.0,2.0,1.0,0,0,0,0,0,0,0,0,0,0,0,0,97-98,1,0,0,0,0,0,0,0,0,0,0,0,0,0,0,1,0,0,0,0,0,0,0,0,0,0,0,0,0,0,0,0,0,0,0
1.0,0.0,0.0,1.0,0,0,0,0,0,0,0,0,0,0,0,0,97-98,1,0,0,0,0,0,0,0,0,0,0,0,0,1,0,0,0,0,0,0,0,0,0,0,0,0,0,0,0,0,0,0,0,0,0
1.0,1.0,0.0,1.0,0,0,0,0,0,0,0,0,0,0,0,0,97-98,1,0,1,0,0,0,0,0,0,0,0,0,0,0,0,0,0,0,0,0,0,0,0,0,0,0,0,0,0,0,0,0,0,0,0
1.0,1.0,1.0,1.0,0,0,0,0,0,0,0,0,0,0,0,0,97-98,1,0,0,0,0,0,0,0,0,0,0,1,0,0,0,0,0,0,0,0,0,0,0,0,0,0,0,0,0,0,0,0,0,0,0
1.0,2.0,0.0,1.0,0,0,0,0,0,0,0,0,0,0,0,0,97-98,1,0,0,0,1,0,0,0,0,0,0,0,0,0,0,0,0,0,0,0,0,0,0,0,0,0,0,0,0,0,0,0,0,0,0
1.0,0.0,0.0,1.0,0,0,0,0,0,0,0,0,0,0,0,0,97-98,1,0,0,0,0,0,0,0,0,0,0,0,0,0,0,0,0,0,1,0,0,0,0,0,0,0,0,0,0,0,0,0,0,0,0
1.0,1.0,0.0,1.0,0,0,0,0,0,0,0,0,0,0,0,0,97-98,1,0,0,0,0,0,0,0,0,0,0,0,0,0,0,0,0,0,0,0,0,0,0,0,1,0,0,0,0,0,0,0,0,0,0
0.0,0.0,0.0,1.0,0,0,0,0,0,0,0,0,0,0,0,0,97-98,1,0,0,0,0,0,0,0,0,0,0,0,0,0,0,0,0,0,0,0,1,0,0,0,0,0,0,0,0,0,0,0,0,0,0
1.0,0.0,0.0,1.0,0,0,0,0,0,0,0,0,0,0,0,0,97-98,1,0,0,0,0,0,1,0,0,0,0,0,0,0,0,0,0,0,0,0,0,0,0,0,0,0,0,0,0,0,0,0,0,0,0
1.0,1.0,2.0,0.0,0,0,0,0,0,0,0,0,0,0,0,0,97-98,1,0,0,0,0,0,0,0,0,0,0,0,0,0,0,0,0,0,0,0,0,0,1,0,0,0,0,0,0,0,0,0,0,0,0
1.0,1.0,0.0,1.0,0,0,0,0,0,0,0,0,0,0,0,0,97-98,1,0,0,0,0,0,0,0,0,0,0,0,0,0,0,0,0,0,0,0,0,0,0,0,0,0,0,0,0,0,0,0,0,0,1
1.0,1.0,0.0,1.0,0,0,0,0,0,0,0,0,0,0,0,0,98-99,1,0,0,0,0,0,0,0,0,0,0,0,0,0,0,0,0,0,0,0,0,0,1,0,0,0,0,0,0,0,0,0,0,0,0
1.0,1.0,2.0,0.0,0,0,0,0,0,0,0,0,0,0,0,0,98-99,1,0,0,0,0,0,0,0,0,0,0,0,0,0,0,0,1,0,0,0,0,0,0,0,0,0,0,0,0,0,0,0,0,0,0
0.0,1.0,0.0,1.0,0,0,0,0,0,0,0,0,0,0,0,0,98-99,1,0,0,0,1,0,0,0,0,0,0,0,0,0,0,0,0,0,0,0,0,0,0,0,0,0,0,0,0,0,0,0,0,0,0
1.0,0.0,0.0,1.0,0,0,0,0,0,0,0,0,0,0,0,0,98-99,1,0,0,0,0,0,0,0,0,0,0,0,0,0,0,0,0,0,0,0,0,0,0,0,0,0,0,0,0,0,0,0,0,0,1
1.0,0.0,2.0,0.0,0,0,0,0,0,0,0,0,0,0,0,0,98-99,1,0,0,0,0,0,0,0,0,0,0,0,0,0,0,1,0,0,0,0,0,0,0,0,0,0,0,0,0,0,0,0,0,0,0
1.0,0.0,0.0,1.0,0,0,0,0,0,0,0,0,0,0,0,0,98-99,1,0,0,0,0,0,0,0,0,0,0,0,0,1,0,0,0,0,0,0,0,0,0,0,0,0,0,0,0,0,0,0,0,0,0
1.0,0.0,0.0,1.0,0,0,0,0,0,0,0,0,0,0,0,0,98-99,1,0,0,0,0,0,1,0,0,0,0,0,0,0,0,0,0,0,0,0,0,0,0,0,0,0,0,0,0,0,0,0,0,0,0
1.0,1.0,1.0,1.0,0,0,0,0,0,0,0,0,0,0,0,0,98-99,1,0,0,0,0,0,0,0,0,0,0,0,0,0,0,0,0,0,0,0,0,0,0,0,0,0,1,0,0,0,0,0,0,0,0
1.0,1.0,0.0,1.0,0,0,0,0,0,0,0,0,0,0,0,0,98-99,1,0,0,0,0,0,0,0,0,0,1,0,0,0,0,0,0,0,0,0,0,0,0,0,0,0,0,0,0,0,0,0,0,0,0
1.0,0.0,0.0,1.0,0,0,0,0,0,0,0,0,0,0,0,0,98-99,1,0,0,0,0,0,0,0,0,0,0,0,0,0,0,0,0,0,0,0,0,0,0,0,1,0,0,0,0,0,0,0,0,0,0
1.0,0.0,0.0,1.0,0,0,0,0,0,0,0,0,0,0,0,0,98-99,1,0,0,0,0,0,0,0,0,0,0,0,0,0,0,0,0,0,0,0,0,0,0,0,0,0,0,0,1,0,0,0,0,0,0
1.0,1.0,0.0,1.0,0,0,0,0,0,0,0,0,0,0,0,0,98-99,1,0,0,0,0,0,0,0,0,0,0,0,0,0,0,0,0,0,0,0,0,0,0,0,0,1,0,0,0,0,0,0,0,0,0
0.0,0.0,1.0,0.0,0,0,0,0,0,0,0,0,0,0,0,0,98-99,1,0,0,0,0,0,0,0,0,0,0,0,0,0,0,0,0,0,0,0,1,0,0,0,0,0,0,0,0,0,0,0,0,0,0
1.0,2.0,1.0,1.0,0,0,0,0,0,0,0,0,0,0,0,0,98-99,1,0,1,0,0,0,0,0,0,0,0,0,0,0,0,0,0,0,0,0,0,0,0,0,0,0,0,0,0,0,0,0,0,0,0
0.0,0.0,1.0,0.0,0,0,0,0,0,0,0,0,0,0,0,0,98-99,1,0,0,0,0,0,0,0,0,0,0,0,1,0,0,0,0,0,0,0,0,0,0,0,0,0,0,0,0,0,0,0,0,0,0
1.0,1.0,0.0,1.0,0,0,0,0,0,0,0,0,0,0,0,0,98-99,1,0,0,0,0,0,0,0,0,0,0,0,0,0,0,0,0,0,0,0,0,0,0,0,0,0,0,0,0,0,0,0,0,1,0
1.0,3.0,0.0,1.0,0,0,0,0,0,0,0,0,0,0,0,0,98-99,1,0,0,0,0,0,0,0,1,0,0,0,0,0,0,0,0,0,0,0,0,0,0,0,0,0,0,0,0,0,0,0,0,0,0
1.0,0.0,0.0,1.0,0,0,0,0,0,0,0,0,0,0,0,0,99-00,1,0,0,0,0,0,1,0,0,0,0,0,0,0,0,0,0,0,0,0,0,0,0,0,0,0,0,0,0,0,0,0,0,0,0
0.0,0.0,0.0,1.0,0,0,0,0,0,0,0,0,0,0,0,0,99-00,1,0,0,1,0,0,0,0,0,0,0,0,0,0,0,0,0,0,0,0,0,0,0,0,0,0,0,0,0,0,0,0,0,0,0
1.0,2.0,0.0,1.0,0,0,0,0,0,0,0,0,0,0,0,0,99-00,1,0,0,0,0,0,0,0,0,0,0,0,0,1,0,0,0,0,0,0,0,0,0,0,0,0,0,0,0,0,0,0,0,0,0
1.0,1.0,1.0,1.0,0,0,0,0,0,0,0,0,0,0,0,0,99-00,1,0,0,0,0,0,0,0,0,0,0,0,0,0,0,0,0,0,0,0,0,0,0,0,0,0,0,0,0,0,0,1,0,0,0
0.0,0.0,0.0,1.0,0,0,0,0,0,0,0,0,0,0,0,0,99-00,1,0,1,0,0,0,0,0,0,0,0,0,0,0,0,0,0,0,0,0,0,0,0,0,0,0,0,0,0,0,0,0,0,0,0
1.0,0.0,1.0,0.0,0,0,0,0,0,0,0,0,0,0,0,0,99-00,1,0,0,0,0,0,0,0,0,0,0,0,0,0,0,0,0,0,0,0,0,0,0,0,0,0,1,0,0,0,0,0,0,0,0
1.0,1.0,0.0,1.0,0,0,0,0,0,0,0,0,0,0,0,0,99-00,1,0,0,0,0,0,0,0,0,0,0,0,0,0,0,0,0,0,0,0,0,0,0,0,0,0,0,0,0,0,0,0,0,0,1
0.0,0.0,0.0,1.0,0,0,0,0,0,0,0,0,0,0,0,0,99-00,1,0,0,0,0,0,0,0,0,0,0,0,1,0,0,0,0,0,0,0,0,0,0,0,0,0,0,0,0,0,0,0,0,0,0
1.0,0.0,1.0,0.0,0,0,0,0,0,0,0,0,0,0,0,0,99-00,1,0,0,0,0,0,0,0,0,0,0,0,0,0,0,1,0,0,0,0,0,0,0,0,0,0,0,0,0,0,0,0,0,0,0
1.0,1.0,2.0,0.0,0,0,0,0,0,0,0,0,0,0,0,0,99-00,1,0,0,0,0,0,0,0,0,0,0,0,0,0,0,0,0,0,0,0,0,0,0,0,0,0,0,0,0,0,0,0,0,1,0
0.0,1.0,2.0,0.0,0,0,0,0,0,0,0,0,0,0,0,0,99-00,1,0,0,0,0,0,0,0,0,0,0,0,0,0,0,0,0,0,0,0,1,0,0,0,0,0,0,0,0,0,0,0,0,0,0
1.0,1.0,0.0,1.0,0,0,0,0,0,0,0,0,0,0,0,0,99-00,1,0,0,0,0,0,0,0,1,0,0,0,0,0,0,0,0,0,0,0,0,0,0,0,0,0,0,0,0,0,0,0,0,0,0
0.0,1.0,1.0,1.0,0,0,0,0,0,0,0,0,0,0,0,0,99-00,1,0,0,0,0,0,0,0,0,0,0,0,0,0,0,0,0,0,0,0,0,0,0,0,0,0,0,0,1,0,0,0,0,0,0
0.0,1.0,1.0,1.0,0,0,0,0,0,0,0,0,0,0,0,0,99-00,1,0,0,0,0,0,0,0,0,0,0,0,0,0,0,0,1,0,0,0,0,0,0,0,0,0,0,0,0,0,0,0,0,0,0
1.0,0.0,0.0,1.0,0,0,0,0,0,0,0,0,0,0,0,0,99-00,1,0,0,0,0,0,0,0,0,0,1,0,0,0,0,0,0,0,0,0,0,0,0,0,0,0,0,0,0,0,0,0,0,0,0
1.0,1.0,1.0,1.0,0,0,0,0,0,0,0,0,0,0,0,0,99-00,1,0,0,0,0,0,0,0,0,0,0,0,0,0,0,0,0,0,0,0,0,0,0,0,0,0,0,0,0,0,1,0,0,0,0
1.0,0.0,0.0,1.0,0,0,0,0,0,0,0,0,0,0,0,0,99-00,1,0,0,0,0,0,0,0,0,0,0,0,0,0,0,0,0,0,0,0,0,0,0,0,1,0,0,0,0,0,0,0,0,0,0
