FTR,HTHG,HTAG,HTR,HS,AS,HST,AST,HC,AC,HF,AF,HY,AY,HR,AR,Season,home_Mainz,away_Aachen,away_Augsburg,away_Bayern Munich,away_Bielefeld,away_Bochum,away_Braunschweig,away_Cottbus,away_Darmstadt,away_Dortmund,away_Duisburg,away_Ein Frankfurt,away_FC Koln,away_Fortuna Dusseldorf,away_Freiburg,away_Greuther Furth,away_Hamburg,away_Hannover,away_Hansa Rostock,away_Hertha,away_Hoffenheim,away_Ingolstadt,away_Kaiserslautern,away_Leverkusen,away_M'gladbach,away_Nurnberg,away_Paderborn,away_RB Leipzig,away_Schalke 04,away_St Pauli,away_Stuttgart,away_Union Berlin,away_Werder Bremen,away_Wolfsburg
1.0,0.0,1.0,0.0,14,8,0,0,1,9,16,30,1,3,0,0,04-05,1,0,0,0,0,0,0,0,0,0,0,0,0,0,0,0,1,0,0,0,0,0,0,0,0,0,0,0,0,0,0,0,0,0
1.0,0.0,0.0,1.0,11,6,0,0,2,4,10,18,0,1,0,0,04-05,1,0,0,0,0,0,0,0,0,0,0,0,0,0,0,0,0,0,0,0,0,0,0,1,0,0,0,0,0,0,0,0,0,0
1.0,0.0,1.0,0.0,22,15,0,0,8,4,13,17,1,2,0,0,04-05,1,0,0,0,0,0,0,0,0,1,0,0,0,0,0,0,0,0,0,0,0,0,0,0,0,0,0,0,0,0,0,0,0,0
1.0,0.0,0.0,1.0,14,11,0,0,5,3,17,21,1,3,0,0,04-05,1,0,0,0,0,0,0,0,0,0,0,0,0,0,0,0,0,0,0,0,0,0,0,0,0,0,0,0,0,0,0,0,1,0
1.0,0.0,0.0,1.0,22,5,0,0,1,6,24,32,1,3,0,0,04-05,1,0,0,0,0,0,0,0,0,0,0,0,0,0,0,0,0,0,1,0,0,0,0,0,0,0,0,0,0,0,0,0,0,0
1.0,0.0,1.0,0.0,17,5,0,0,7,2,8,21,2,1,0,0,04-05,1,0,0,0,0,0,0,0,0,0,0,0,0,0,0,0,0,0,0,0,0,0,0,0,1,0,0,0,0,0,0,0,0,0
1.0,1.0,0.0,1.0,24,10,0,0,6,3,14,22,1,4,0,1,04-05,1,0,0,0,0,1,0,0,0,0,0,0,0,0,0,0,0,0,0,0,0,0,0,0,0,0,0,0,0,0,0,0,0,0
0.0,0.0,1.0,0.0,20,9,0,0,9,3,14,18,1,1,0,0,04-05,1,0,0,0,0,0,0,0,0,0,0,0,0,0,0,0,0,0,0,0,0,0,0,0,0,1,0,0,0,0,0,0,0,0
0.0,1.0,0.0,1.0,14,17,0,0,4,5,19,19,2,3,0,0,04-05,1,0,0,0,0,0,0,0,0,0,0,0,0,0,0,0,0,0,0,0,0,0,0,0,0,0,0,0,0,0,1,0,0,0
0.0,0.0,1.0,0.0,17,5,0,0,5,0,18,21,2,1,0,0,04-05,1,0,0,0,0,0,0,0,0,0,0,0,0,0,0,0,0,0,0,1,0,0,0,0,0,0,0,0,0,0,0,0,0,0
1.0,0.0,0.0,1.0,18,9,0,0,4,2,23,19,1,2,0,0,04-05,1,0,0,0,1,0,0,0,0,0,0,0,0,0,0,0,0,0,0,0,0,0,0,0,0,0,0,0,0,0,0,0,0,0
1.0,3.0,0.0,1.0,17,12,0,0,6,13,21,14,1,3,0,0,04-05,1,0,0,0,0,0,0,0,0,0,0,0,0,0,1,0,0,0,0,0,0,0,0,0,0,0,0,0,0,0,0,0,0,0
1.0,1.0,0.0,1.0,15,17,0,0,4,5,18,27,1,3,0,0,04-05,1,0,0,0,0,0,0,0,0,0,0,0,0,0,0,0,0,0,0,0,0,0,0,0,0,0,0,0,1,0,0,0,0,0
0.0,0.0,0.0,1.0,19,12,0,0,7,8,18,18,2,2,0,0,04-05,1,0,0,0,0,0,0,0,0,0,0,0,0,0,0,0,0,0,0,0,0,0,0,0,0,0,0,0,0,0,0,0,0,1
1.0,1.0,0.0,1.0,14,7,0,0,3,2,16,10,1,0,0,0,04-05,1,0,0,0,0,0,0,0,0,0,0,0,0,0,0,0,0,1,0,0,0,0,0,0,0,0,0,0,0,0,0,0,0,0
0.0,1.0,2.0,0.0,8,12,0,0,1,5,9,17,1,0,0,0,04-05,1,0,0,1,0,0,0,0,0,0,0,0,0,0,0,0,0,0,0,0,0,0,0,0,0,0,0,0,0,0,0,0,0,0
1.0,1.0,1.0,1.0,20,13,0,0,7,2,21,21,1,4,0,0,04-05,1,0,0,0,0,0,0,0,0,0,0,0,0,0,0,0,0,0,0,0,0,0,1,0,0,0,0,0,0,0,0,0,0,0
0.0,0.0,1.0,0.0,15,11,0,0,5,12,13,26,2,4,0,0,05-06,1,0,0,0,0,0,0,0,0,0,0,0,0,0,0,0,0,0,0,0,0,0,0,0,0,0,0,0,0,0,0,0,1,0
0.0,0.0,1.0,0.0,21,13,0,0,2,9,12,12,1,1,0,0,05-06,1,0,0,0,0,0,0,0,0,0,0,0,0,0,0,0,1,0,0,0,0,0,0,0,0,0,0,0,0,0,0,0,0,0
0.0,0.0,0.0,1.0,23,10,0,0,6,2,18,20,0,4,0,0,05-06,1,0,0,0,0,0,0,0,0,0,0,0,0,0,0,0,0,0,0,0,0,0,0,0,0,0,0,0,0,0,1,0,0,0
1.0,0.0,0.0,1.0,11,15,0,0,2,4,22,11,3,2,0,0,05-06,1,0,0,0,0,0,0,0,0,1,0,0,0,0,0,0,0,0,0,0,0,0,0,0,0,0,0,0,0,0,0,0,0,0
1.0,0.0,0.0,1.0,21,19,0,0,5,7,18,17,0,2,0,0,05-06,1,0,0,0,0,0,0,0,0,0,0,0,0,0,0,0,0,0,0,0,0,0,0,1,0,0,0,0,0,0,0,0,0,0
1.0,3.0,1.0,1.0,9,15,0,0,1,7,23,21,3,3,0,0,05-06,1,0,0,0,0,0,0,0,0,0,0,0,0,0,0,0,0,0,0,0,0,0,0,0,0,1,0,0,0,0,0,0,0,0
1.0,0.0,2.0,0.0,21,7,0,0,10,6,11,20,2,0,0,0,05-06,1,0,0,0,0,0,0,0,0,0,0,1,0,0,0,0,0,0,0,0,0,0,0,0,0,0,0,0,0,0,0,0,0,0
1.0,3.0,1.0,1.0,23,10,0,0,4,1,25,27,1,6,0,1,05-06,1,0,0,0,0,0,0,0,0,0,0,0,0,0,0,0,0,0,0,0,0,0,0,0,0,0,0,0,0,0,0,0,0,1
1.0,1.0,0.0,1.0,14,10,0,0,2,1,27,22,2,3,0,0,05-06,1,0,0,0,0,0,0,0,0,0,1,0,0,0,0,0,0,0,0,0,0,0,0,0,0,0,0,0,0,0,0,0,0,0
1.0,1.0,1.0,1.0,30,7,0,0,10,1,17,22,2,0,0,0,05-06,1,0,0,0,0,0,0,0,0,0,0,0,1,0,0,0,0,0,0,0,0,0,0,0,0,0,0,0,0,0,0,0,0,0
1.0,0.0,0.0,1.0,9,11,0,0,0,6,20,18,3,1,0,0,05-06,1,0,0,0,1,0,0,0,0,0,0,0,0,0,0,0,0,0,0,0,0,0,0,0,0,0,0,0,0,0,0,0,0,0
0.0,0.0,2.0,0.0,21,9,0,0,8,4,20,26,2,2,0,0,05-06,1,0,0,0,0,0,0,0,0,0,0,0,0,0,0,0,0,0,0,0,0,0,1,0,0,0,0,0,0,0,0,0,0,0
1.0,0.0,0.0,1.0,18,13,0,0,5,1,25,20,4,0,0,0,05-06,1,0,0,0,0,0,0,0,0,0,0,0,0,0,0,0,0,0,0,0,0,0,0,0,1,0,0,0,0,0,0,0,0,0
1.0,0.0,1.0,0.0,18,17,0,0,5,7,14,22,1,4,0,0,05-06,1,0,0,0,0,0,0,0,0,0,0,0,0,0,0,0,0,0,0,1,0,0,0,0,0,0,0,0,0,0,0,0,0,0
1.0,0.0,0.0,1.0,10,14,0,0,4,9,10,17,1,3,0,0,05-06,1,0,0,0,0,0,0,0,0,0,0,0,0,0,0,0,0,1,0,0,0,0,0,0,0,0,0,0,0,0,0,0,0,0
1.0,2.0,2.0,1.0,14,11,0,0,2,8,25,24,3,2,0,0,05-06,1,0,0,1,0,0,0,0,0,0,0,0,0,0,0,0,0,0,0,0,0,0,0,0,0,0,0,0,0,0,0,0,0,0
1.0,1.0,0.0,1.0,9,12,0,0,1,7,22,15,1,1,0,0,05-06,1,0,0,0,0,0,0,0,0,0,0,0,0,0,0,0,0,0,0,0,0,0,0,0,0,0,0,0,1,0,0,0,0,0
1.0,1.0,0.0,1.0,11,19,5,9,1,8,17,15,2,3,0,0,06-07,1,0,0,0,0,1,0,0,0,0,0,0,0,0,0,0,0,0,0,0,0,0,0,0,0,0,0,0,0,0,0,0,0,0
1.0,0.0,1.0,0.0,13,10,8,4,5,5,25,28,4,0,0,2,06-07,1,0,0,0,0,0,0,0,0,0,0,1,0,0,0,0,0,0,0,0,0,0,0,0,0,0,0,0,0,0,0,0,0,0
1.0,0.0,0.0,1.0,17,12,11,9,3,3,17,16,1,1,0,0,06-07,1,0,0,0,0,0,0,0,0,0,0,0,0,0,0,0,0,0,0,1,0,0,0,0,0,0,0,0,0,0,0,0,0,0
0.0,1.0,2.0,0.0,23,10,10,6,7,4,7,13,2,5,0,0,06-07,1,1,0,0,0,0,0,0,0,0,0,0,0,0,0,0,0,0,0,0,0,0,0,0,0,0,0,0,0,0,0,0,0,0
0.0,0.0,3.0,0.0,15,16,9,12,4,3,21,19,1,0,0,0,06-07,1,0,0,0,0,0,0,0,0,0,0,0,0,0,0,0,0,0,0,0,0,0,0,0,0,0,0,0,0,0,0,0,1,0
0.0,1.0,1.0,1.0,9,5,8,4,8,1,20,19,2,1,0,0,06-07,1,0,0,0,0,0,0,0,0,0,0,0,0,0,0,0,0,0,0,0,0,0,0,0,0,0,0,0,0,0,0,0,0,1
1.0,0.0,0.0,1.0,12,14,7,9,6,6,22,17,2,3,0,0,06-07,1,0,0,0,0,0,0,0,0,0,0,0,0,0,0,0,1,0,0,0,0,0,0,0,0,0,0,0,0,0,0,0,0,0
1.0,0.0,0.0,1.0,10,16,5,9,8,6,19,24,1,4,0,0,06-07,1,0,0,0,0,0,0,0,0,0,0,0,0,0,0,0,0,0,0,0,0,0,0,0,0,0,0,0,0,0,1,0,0,0
0.0,0.0,2.0,0.0,9,22,5,13,4,3,8,15,0,0,0,0,06-07,1,0,0,1,0,0,0,0,0,0,0,0,0,0,0,0,0,0,0,0,0,0,0,0,0,0,0,0,0,0,0,0,0,0
1.0,0.0,0.0,1.0,13,13,5,7,7,1,21,16,2,3,0,0,06-07,1,0,0,0,0,0,0,0,0,1,0,0,0,0,0,0,0,0,0,0,0,0,0,0,0,0,0,0,0,0,0,0,0,0
1.0,3.0,1.0,1.0,13,14,9,7,4,4,25,23,2,2,0,0,06-07,1,0,0,0,0,0,0,1,0,0,0,0,0,0,0,0,0,0,0,0,0,0,0,0,0,0,0,0,0,0,0,0,0,0
1.0,2.0,0.0,1.0,11,16,7,9,2,6,25,16,1,3,1,0,06-07,1,0,0,0,0,0,0,0,0,0,0,0,0,0,0,0,0,0,0,0,0,0,0,0,0,1,0,0,0,0,0,0,0,0
1.0,0.0,0.0,1.0,13,9,6,8,2,2,23,16,2,0,0,0,06-07,1,0,0,0,1,0,0,0,0,0,0,0,0,0,0,0,0,0,0,0,0,0,0,0,0,0,0,0,0,0,0,0,0,0
0.0,0.0,2.0,0.0,14,11,8,8,6,1,12,16,2,2,0,0,06-07,1,0,0,0,0,0,0,0,0,0,0,0,0,0,0,0,0,0,0,0,0,0,0,1,0,0,0,0,0,0,0,0,0,0
0.0,0.0,2.0,0.0,12,9,7,7,5,0,24,19,1,1,0,0,06-07,1,0,0,0,0,0,0,0,0,0,0,0,0,0,0,0,0,0,0,0,0,0,0,0,0,0,0,0,1,0,0,0,0,0
0.0,0.0,1.0,0.0,16,9,7,5,5,1,13,25,0,1,0,0,06-07,1,0,0,0,0,0,0,0,0,0,0,0,0,0,0,0,0,1,0,0,0,0,0,0,0,0,0,0,0,0,0,0,0,0
1.0,2.0,0.0,1.0,20,10,9,9,2,6,17,22,2,3,0,1,06-07,1,0,0,0,0,0,0,0,0,0,0,0,0,0,0,0,0,0,0,0,0,0,0,0,1,0,0,0,0,0,0,0,0,0
1.0,1.0,2.0,0.0,8,13,4,7,3,5,22,28,1,2,0,0,09-10,1,0,0,0,0,0,0,0,0,0,0,0,0,0,0,0,0,0,0,0,0,0,0,1,0,0,0,0,0,0,0,0,0,0
1.0,2.0,0.0,1.0,17,19,8,6,2,6,17,10,0,0,0,0,09-10,1,0,0,1,0,0,0,0,0,0,0,0,0,0,0,0,0,0,0,0,0,0,0,0,0,0,0,0,0,0,0,0,0,0
1.0,0.0,0.0,1.0,10,8,6,3,3,2,12,11,2,2,0,0,09-10,1,0,0,0,0,0,0,0,0,0,0,0,0,0,0,0,0,0,0,1,0,0,0,0,0,0,0,0,0,0,0,0,0,0
1.0,2.0,0.0,1.0,4,14,3,3,1,7,24,23,6,1,0,0,09-10,1,0,0,0,0,0,0,0,0,0,0,0,0,0,0,0,0,0,0,0,1,0,0,0,0,0,0,0,0,0,0,0,0,0
1.0,1.0,0.0,1.0,11,17,5,3,3,8,17,20,2,1,0,0,09-10,1,0,0,0,0,0,0,0,0,0,0,0,0,0,1,0,0,0,0,0,0,0,0,0,0,0,0,0,0,0,0,0,0,0
1.0,1.0,0.0,1.0,14,8,4,2,7,5,23,18,4,2,0,0,09-10,1,0,0,0,0,0,0,0,0,0,0,0,0,0,0,0,0,0,0,0,0,0,0,0,0,1,0,0,0,0,0,0,0,0
1.0,0.0,1.0,0.0,12,14,6,5,10,7,10,20,3,2,0,0,09-10,1,0,0,0,0,0,0,0,0,0,0,0,0,0,0,0,1,0,0,0,0,0,0,0,0,0,0,0,0,0,0,0,0,0
1.0,0.0,1.0,0.0,13,7,5,3,4,2,15,16,1,2,0,1,09-10,1,0,0,0,0,0,0,0,0,0,0,0,0,0,0,0,0,0,0,0,0,0,0,0,0,0,0,0,0,0,1,0,0,0
1.0,1.0,0.0,1.0,9,15,4,2,2,7,23,19,4,3,0,0,09-10,1,0,0,0,0,0,0,0,0,0,0,0,0,0,0,0,0,1,0,0,0,0,0,0,0,0,0,0,0,0,0,0,0,0
1.0,1.0,0.0,1.0,9,16,4,4,3,2,18,21,1,1,0,0,09-10,1,0,0,0,0,0,0,0,0,0,0,0,0,0,0,0,0,0,0,0,0,0,0,0,1,0,0,0,0,0,0,0,0,0
1.0,0.0,0.0,1.0,8,10,3,2,7,4,17,12,2,1,0,0,09-10,1,0,0,0,0,1,0,0,0,0,0,0,0,0,0,0,0,0,0,0,0,0,0,0,0,0,0,0,0,0,0,0,0,0
0.0,1.0,1.0,1.0,8,7,5,3,3,5,19,20,2,3,1,0,09-10,1,0,0,0,0,0,0,0,0,0,0,0,0,0,0,0,0,0,0,0,0,0,0,0,0,0,0,0,0,0,0,0,1,0
1.0,0.0,0.0,1.0,12,11,6,3,2,4,16,22,1,3,1,0,09-10,1,0,0,0,0,0,0,0,0,0,0,0,1,0,0,0,0,0,0,0,0,0,0,0,0,0,0,0,0,0,0,0,0,0
0.0,0.0,0.0,1.0,17,13,0,4,6,3,12,9,0,1,0,0,09-10,1,0,0,0,0,0,0,0,0,0,0,0,0,0,0,0,0,0,0,0,0,0,0,0,0,0,0,0,0,0,0,0,0,1
1.0,1.0,0.0,1.0,8,11,3,2,1,5,20,16,2,2,0,0,09-10,1,0,0,0,0,0,0,0,0,1,0,0,0,0,0,0,0,0,0,0,0,0,0,0,0,0,0,0,0,0,0,0,0,0
1.0,1.0,2.0,0.0,13,11,5,4,5,3,21,25,2,2,0,0,09-10,1,0,0,0,0,0,0,0,0,0,0,1,0,0,0,0,0,0,0,0,0,0,0,0,0,0,0,0,0,0,0,0,0,0
1.0,0.0,0.0,1.0,12,10,4,3,6,4,12,21,1,2,0,0,09-10,1,0,0,0,0,0,0,0,0,0,0,0,0,0,0,0,0,0,0,0,0,0,0,0,0,0,0,0,1,0,0,0,0,0
1.0,1.0,0.0,1.0,17,14,6,5,5,4,16,13,4,1,0,0,10-11,1,0,0,0,0,0,0,0,0,0,0,0,0,0,0,0,0,0,0,0,0,0,0,0,0,0,0,0,0,0,1,0,0,0
1.0,0.0,1.0,0.0,16,10,5,4,2,7,12,25,1,5,0,0,10-11,1,0,0,0,0,0,0,0,0,0,0,0,0,0,0,0,0,0,0,0,0,0,1,0,0,0,0,0,0,0,0,0,0,0
1.0,0.0,0.0,1.0,20,8,7,2,9,1,17,21,3,3,0,0,10-11,1,0,0,0,0,0,0,0,0,0,0,0,1,0,0,0,0,0,0,0,0,0,0,0,0,0,0,0,0,0,0,0,0,0
1.0,1.0,1.0,1.0,12,17,5,6,4,11,15,22,1,5,0,1,10-11,1,0,0,0,0,0,0,0,0,0,0,0,0,0,0,0,0,0,0,0,1,0,0,0,0,0,0,0,0,0,0,0,0,0
0.0,0.0,0.0,1.0,13,12,5,4,7,4,14,14,1,3,0,0,10-11,1,0,0,0,0,0,0,0,0,0,0,0,0,0,0,0,1,0,0,0,0,0,0,0,0,0,0,0,0,0,0,0,0,0
0.0,0.0,1.0,0.0,11,17,4,8,5,8,13,25,1,0,0,0,10-11,1,0,0,0,0,0,0,0,0,1,0,0,0,0,0,0,0,0,0,0,0,0,0,0,0,0,0,0,0,0,0,0,0,0
0.0,0.0,1.0,0.0,12,12,2,5,3,7,14,22,0,1,0,1,10-11,1,0,0,0,0,0,0,0,0,0,0,0,0,0,0,0,0,1,0,0,0,0,0,0,0,0,0,0,0,0,0,0,0,0
1.0,1.0,0.0,1.0,10,13,4,3,1,4,17,15,4,2,0,0,10-11,1,0,0,0,0,0,0,0,0,0,0,0,0,0,0,0,0,0,0,0,0,0,0,0,0,1,0,0,0,0,0,0,0,0
0.0,0.0,1.0,0.0,7,10,4,2,1,10,11,20,3,2,0,0,10-11,1,0,0,0,0,0,0,0,0,0,0,0,0,0,0,0,0,0,0,0,0,0,0,0,0,0,0,0,1,0,0,0,0,0
0.0,0.0,0.0,1.0,14,8,3,2,3,5,16,23,1,1,0,0,10-11,1,0,0,0,0,0,0,0,0,0,0,0,0,0,0,0,0,0,0,0,0,0,0,0,0,0,0,0,0,0,0,0,0,1
1.0,1.0,0.0,1.0,10,9,5,3,6,3,19,24,1,4,0,0,10-11,1,0,0,0,0,0,0,0,0,0,0,0,0,0,0,0,0,0,0,0,0,0,0,0,0,0,0,0,0,0,0,0,1,0
0.0,0.0,1.0,0.0,18,19,7,9,4,11,18,13,2,1,0,0,10-11,1,0,0,1,0,0,0,0,0,0,0,0,0,0,0,0,0,0,0,0,0,0,0,0,0,0,0,0,0,0,0,0,0,0
0.0,0.0,0.0,1.0,5,14,1,3,6,4,25,15,3,3,0,0,10-11,1,0,0,0,0,0,0,0,0,0,0,0,0,0,0,0,0,0,0,0,0,0,0,1,0,0,0,0,0,0,0,0,0,0
1.0,0.0,1.0,0.0,12,7,3,1,5,1,15,22,1,3,0,0,10-11,1,0,0,0,0,0,0,0,0,0,0,0,0,0,1,0,0,0,0,0,0,0,0,0,0,0,0,0,0,0,0,0,0,0
1.0,0.0,0.0,1.0,10,11,2,3,6,4,17,11,1,1,0,1,10-11,1,0,0,0,0,0,0,0,0,0,0,0,0,0,0,0,0,0,0,0,0,0,0,0,1,0,0,0,0,0,0,0,0,0
1.0,3.0,0.0,1.0,23,7,11,2,5,1,19,16,1,2,0,1,10-11,1,0,0,0,0,0,0,0,0,0,0,1,0,0,0,0,0,0,0,0,0,0,0,0,0,0,0,0,0,0,0,0,0,0
1.0,0.0,1.0,0.0,19,14,7,4,7,3,11,13,0,2,0,0,10-11,1,0,0,0,0,0,0,0,0,0,0,0,0,0,0,0,0,0,0,0,0,0,0,0,0,0,0,0,0,1,0,0,0,0
1.0,1.0,0.0,1.0,22,9,8,2,7,3,20,19,3,1,0,0,11-12,1,0,0,0,0,0,0,0,0,0,0,0,0,0,0,0,0,0,0,0,0,0,0,1,0,0,0,0,0,0,0,0,0,0
0.0,2.0,0.0,1.0,15,12,5,6,6,5,15,15,0,2,0,0,11-12,1,0,0,0,0,0,0,0,0,0,0,0,0,0,0,0,0,0,0,0,0,0,0,0,0,0,0,0,1,0,0,0,0,0
0.0,0.0,2.0,0.0,13,9,2,5,7,4,18,24,0,0,0,0,11-12,1,0,0,0,0,0,0,0,0,0,0,0,0,0,0,0,0,0,0,0,1,0,0,0,0,0,0,0,0,0,0,0,0,0
0.0,1.0,0.0,1.0,9,20,3,9,3,10,12,9,1,0,0,0,11-12,1,0,0,0,0,0,0,0,0,1,0,0,0,0,0,0,0,0,0,0,0,0,0,0,0,0,0,0,0,0,0,0,0,0
0.0,0.0,0.0,1.0,18,10,5,6,9,4,19,18,3,2,0,0,11-12,1,0,1,0,0,0,0,0,0,0,0,0,0,0,0,0,0,0,0,0,0,0,0,0,0,0,0,0,0,0,0,0,0,0
0.0,1.0,1.0,1.0,16,13,6,5,10,0,23,20,2,4,0,0,11-12,1,0,0,0,0,0,0,0,0,0,0,0,0,0,0,0,0,0,0,0,0,0,0,0,0,0,0,0,0,0,0,0,1,0
1.0,0.0,0.0,1.0,15,18,9,7,4,6,18,16,2,3,1,1,11-12,1,0,0,0,0,0,0,0,0,0,0,0,0,0,0,0,0,0,0,0,0,0,0,0,0,0,0,0,0,0,1,0,0,0
1.0,1.0,0.0,1.0,17,13,7,8,3,2,18,20,3,2,0,0,11-12,1,0,0,1,0,0,0,0,0,0,0,0,0,0,0,0,0,0,0,0,0,0,0,0,0,0,0,0,0,0,0,0,0,0
1.0,0.0,0.0,1.0,12,8,5,5,4,5,16,11,1,0,0,0,11-12,1,0,0,0,0,0,0,0,0,0,0,0,0,0,0,0,1,0,0,0,0,0,0,0,0,0,0,0,0,0,0,0,0,0
1.0,3.0,0.0,1.0,18,5,10,1,4,3,18,19,2,2,0,1,11-12,1,0,0,0,0,0,0,0,0,0,0,0,0,0,1,0,0,0,0,0,0,0,0,0,0,0,0,0,0,0,0,0,0,0
1.0,1.0,0.0,1.0,13,15,4,7,7,7,16,12,3,3,0,0,11-12,1,0,0,0,0,0,0,0,0,0,0,0,0,0,0,0,0,1,0,0,0,0,0,0,0,0,0,0,0,0,0,0,0,0
1.0,3.0,0.0,1.0,11,6,8,2,6,4,11,17,1,3,0,0,11-12,1,0,0,0,0,0,0,0,0,0,0,0,0,0,0,0,0,0,0,0,0,0,1,0,0,0,0,0,0,0,0,0,0,0
1.0,2.0,0.0,1.0,13,15,3,2,4,5,18,19,0,5,1,0,11-12,1,0,0,0,0,0,0,0,0,0,0,0,0,0,0,0,0,0,0,0,0,0,0,0,0,1,0,0,0,0,0,0,0,0
0.0,0.0,1.0,0.0,15,13,4,6,12,8,13,8,1,1,0,0,11-12,1,0,0,0,0,0,0,0,0,0,0,0,0,0,0,0,0,0,0,1,0,0,0,0,0,0,0,0,0,0,0,0,0,0
1.0,3.0,0.0,1.0,7,3,4,0,3,2,14,13,2,0,0,0,11-12,1,0,0,0,0,0,0,0,0,0,0,0,1,0,0,0,0,0,0,0,0,0,0,0,0,0,0,0,0,0,0,0,0,0
1.0,0.0,0.0,1.0,15,11,8,3,3,6,10,20,0,1,0,0,11-12,1,0,0,0,0,0,0,0,0,0,0,0,0,0,0,0,0,0,0,0,0,0,0,0,0,0,0,0,0,0,0,0,0,1
0.0,0.0,1.0,0.0,5,11,1,5,4,5,11,10,0,0,0,0,11-12,1,0,0,0,0,0,0,0,0,0,0,0,0,0,0,0,0,0,0,0,0,0,0,0,1,0,0,0,0,0,0,0,0,0
0.0,0.0,0.0,1.0,11,7,3,2,8,0,17,23,1,3,0,0,12-13,1,0,0,0,0,0,0,0,0,0,0,0,0,0,0,1,0,0,0,0,0,0,0,0,0,0,0,0,0,0,0,0,0,0
1.0,2.0,0.0,1.0,11,11,5,3,4,6,23,17,0,2,0,0,12-13,1,0,1,0,0,0,0,0,0,0,0,0,0,0,0,0,0,0,0,0,0,0,0,0,0,0,0,0,0,0,0,0,0,0
1.0,0.0,0.0,1.0,13,7,3,4,2,2,22,13,4,2,0,1,12-13,1,0,0,0,0,0,0,0,0,0,0,0,0,1,0,0,0,0,0,0,0,0,0,0,0,0,0,0,0,0,0,0,0,0
1.0,1.0,0.0,1.0,11,7,5,2,4,2,12,19,1,2,0,0,12-13,1,0,0,0,0,0,0,0,0,0,0,0,0,0,0,0,0,0,0,0,1,0,0,0,0,0,0,0,0,0,0,0,0,0
1.0,2.0,1.0,1.0,12,10,2,3,3,6,17,21,5,5,0,0,12-13,1,0,0,0,0,0,0,0,0,0,0,0,0,0,0,0,0,0,0,0,0,0,0,0,0,1,0,0,0,0,0,0,0,0
0.0,1.0,2.0,0.0,10,12,3,5,4,2,19,8,4,0,0,0,12-13,1,0,0,0,0,0,0,0,0,1,0,0,0,0,0,0,0,0,0,0,0,0,0,0,0,0,0,0,0,0,0,0,0,0
1.0,1.0,1.0,1.0,13,14,3,3,4,6,13,17,2,3,1,0,12-13,1,0,0,0,0,0,0,0,0,0,0,0,0,0,0,0,0,1,0,0,0,0,0,0,0,0,0,0,0,0,0,0,0,0
1.0,0.0,0.0,1.0,16,7,10,2,4,5,16,17,3,2,0,0,12-13,1,0,0,0,0,0,0,0,0,0,0,0,0,0,0,0,0,0,0,0,0,0,0,0,0,0,0,0,0,0,1,0,0,0
1.0,0.0,0.0,1.0,7,12,3,1,1,5,16,22,2,2,1,0,12-13,1,0,0,0,0,0,0,0,0,0,0,0,0,0,1,0,0,0,0,0,0,0,0,0,0,0,0,0,0,0,0,0,0,0
0.0,0.0,1.0,0.0,10,10,0,6,6,4,15,10,3,0,0,0,12-13,1,0,0,1,0,0,0,0,0,0,0,0,0,0,0,0,0,0,0,0,0,0,0,0,0,0,0,0,0,0,0,0,0,0
1.0,1.0,1.0,1.0,14,9,5,5,4,4,10,16,1,3,0,0,12-13,1,0,0,0,0,0,0,0,0,0,0,0,0,0,0,0,0,0,0,0,0,0,0,0,0,0,0,0,1,0,0,0,0,0
1.0,1.0,1.0,1.0,13,5,2,3,4,4,22,12,1,2,0,1,12-13,1,0,0,0,0,0,0,0,0,0,0,0,0,0,0,0,0,0,0,0,0,0,0,0,0,0,0,0,0,0,0,0,0,1
1.0,0.0,0.0,1.0,8,16,1,4,4,5,13,14,3,2,0,0,12-13,1,0,0,0,0,0,0,0,0,0,0,0,0,0,0,0,0,0,0,0,0,0,0,1,0,0,0,0,0,0,0,0,0,0
1.0,1.0,0.0,1.0,10,13,5,6,4,9,15,15,3,2,0,0,12-13,1,0,0,0,0,0,0,0,0,0,0,0,0,0,0,0,0,0,0,0,0,0,0,0,0,0,0,0,0,0,0,0,1,0
0.0,0.0,0.0,1.0,12,12,2,4,2,1,15,16,2,1,0,0,12-13,1,0,0,0,0,0,0,0,0,0,0,0,0,0,0,0,1,0,0,0,0,0,0,0,0,0,0,0,0,0,0,0,0,0
1.0,0.0,0.0,1.0,14,8,2,3,7,7,14,15,0,2,0,0,12-13,1,0,0,0,0,0,0,0,0,0,0,1,0,0,0,0,0,0,0,0,0,0,0,0,0,0,0,0,0,0,0,0,0,0
0.0,1.0,1.0,1.0,10,17,4,6,3,3,10,12,1,0,0,0,12-13,1,0,0,0,0,0,0,0,0,0,0,0,0,0,0,0,0,0,0,0,0,0,0,0,1,0,0,0,0,0,0,0,0,0
1.0,1.0,1.0,1.0,9,15,7,10,2,8,15,13,2,4,0,0,13-14,1,0,0,0,0,0,0,0,0,0,0,0,0,0,0,0,0,0,0,0,0,0,0,0,0,0,0,0,0,0,1,0,0,0
1.0,0.0,0.0,1.0,12,16,4,6,2,5,16,15,3,1,0,1,13-14,1,0,0,0,0,0,0,0,0,0,0,0,0,0,0,0,0,0,0,0,0,0,0,0,0,0,0,0,0,0,0,0,0,1
0.0,0.0,1.0,0.0,14,10,0,5,1,5,15,19,1,3,0,0,13-14,1,0,0,0,0,0,0,0,0,0,0,0,0,0,0,0,0,0,0,0,0,0,0,0,0,0,0,0,1,0,0,0,0,0
0.0,0.0,3.0,0.0,14,13,2,5,4,4,14,11,1,1,0,0,13-14,1,0,0,0,0,0,0,0,0,0,0,0,0,0,0,0,0,0,0,0,0,0,0,1,0,0,0,0,0,0,0,0,0,0
1.0,0.0,2.0,0.0,17,14,8,5,7,1,23,16,2,2,0,0,13-14,1,0,0,0,0,0,0,0,0,0,0,0,0,0,0,0,0,0,0,0,1,0,0,0,0,0,0,0,0,0,0,0,0,0
1.0,1.0,0.0,1.0,9,6,3,1,0,8,25,17,2,3,0,0,13-14,1,0,0,0,0,0,1,0,0,0,0,0,0,0,0,0,0,0,0,0,0,0,0,0,0,0,0,0,0,0,0,0,0,0
1.0,0.0,0.0,1.0,20,14,9,4,6,6,20,17,4,1,0,0,13-14,1,0,0,0,0,0,0,0,0,0,0,1,0,0,0,0,0,0,0,0,0,0,0,0,0,0,0,0,0,0,0,0,0,0
0.0,0.0,0.0,1.0,12,16,6,6,6,5,11,16,1,0,1,0,13-14,1,0,0,0,0,0,0,0,0,1,0,0,0,0,0,0,0,0,0,0,0,0,0,0,0,0,0,0,0,0,0,0,0,0
1.0,0.0,0.0,1.0,6,10,0,1,1,4,6,8,0,2,0,0,13-14,1,0,0,0,0,0,0,0,0,0,0,0,0,0,0,0,0,0,0,0,0,0,0,0,1,0,0,0,0,0,0,0,0,0
1.0,1.0,0.0,1.0,13,6,5,1,5,5,10,28,2,2,0,0,13-14,1,0,0,0,0,0,0,0,0,0,0,0,0,0,1,0,0,0,0,0,0,0,0,0,0,0,0,0,0,0,0,0,0,0
1.0,0.0,0.0,1.0,19,14,8,3,4,5,14,11,1,3,0,0,13-14,1,0,0,0,0,0,0,0,0,0,0,0,0,0,0,0,0,1,0,0,0,0,0,0,0,0,0,0,0,0,0,0,0,0
1.0,0.0,0.0,1.0,16,12,6,9,5,4,13,14,2,2,0,0,13-14,1,0,0,0,0,0,0,0,0,0,0,0,0,0,0,0,0,0,0,1,0,0,0,0,0,0,0,0,0,0,0,0,0,0
0.0,0.0,0.0,1.0,4,23,1,8,2,9,13,11,1,0,0,0,13-14,1,0,0,1,0,0,0,0,0,0,0,0,0,0,0,0,0,0,0,0,0,0,0,0,0,0,0,0,0,0,0,0,0,0
1.0,2.0,0.0,1.0,14,12,7,4,5,8,14,20,1,2,0,0,13-14,1,0,1,0,0,0,0,0,0,0,0,0,0,0,0,0,0,0,0,0,0,0,0,0,0,0,0,0,0,0,0,0,0,0
1.0,3.0,0.0,1.0,23,9,5,2,3,12,12,17,0,4,0,0,13-14,1,0,0,0,0,0,0,0,0,0,0,0,0,0,0,0,0,0,0,0,0,0,0,0,0,0,0,0,0,0,0,0,1,0
1.0,2.0,0.0,1.0,18,13,5,1,8,7,6,11,0,2,0,0,13-14,1,0,0,0,0,0,0,0,0,0,0,0,0,0,0,0,0,0,0,0,0,0,0,0,0,1,0,0,0,0,0,0,0,0
1.0,1.0,1.0,1.0,13,20,6,7,4,8,14,14,0,0,0,0,13-14,1,0,0,0,0,0,0,0,0,0,0,0,0,0,0,0,1,0,0,0,0,0,0,0,0,0,0,0,0,0,0,0,0,0
1.0,0.0,0.0,1.0,14,11,2,6,4,2,12,14,0,1,0,0,14-15,1,0,0,0,0,0,0,0,0,0,0,0,0,0,0,0,0,1,0,0,0,0,0,0,0,0,0,0,0,0,0,0,0,0
1.0,0.0,0.0,1.0,8,20,5,4,1,7,17,18,2,1,0,0,14-15,1,0,0,0,0,0,0,0,0,1,0,0,0,0,0,0,0,0,0,0,0,0,0,0,0,0,0,0,0,0,0,0,0,0
1.0,0.0,0.0,1.0,10,13,3,3,5,4,13,25,1,2,0,0,14-15,1,0,0,0,0,0,0,0,0,0,0,0,0,0,0,0,0,0,0,0,1,0,0,0,0,0,0,0,0,0,0,0,0,0
1.0,2.0,0.0,1.0,8,15,6,6,4,6,15,14,3,2,0,0,14-15,1,0,1,0,0,0,0,0,0,0,0,0,0,0,0,0,0,0,0,0,0,0,0,0,0,0,0,0,0,0,0,0,0,0
0.0,1.0,1.0,1.0,21,9,3,7,8,1,17,15,4,3,0,0,14-15,1,0,0,0,0,0,0,0,0,0,0,0,0,0,0,0,0,0,0,0,0,0,0,0,0,0,0,0,0,0,0,0,1,0
1.0,1.0,1.0,1.0,11,10,2,3,9,3,15,13,0,1,0,0,14-15,1,0,0,0,0,0,0,0,0,0,0,0,0,0,1,0,0,0,0,0,0,0,0,0,0,0,0,0,0,0,0,0,0,0
1.0,1.0,0.0,1.0,22,8,6,2,4,5,19,15,2,2,0,0,14-15,1,0,0,0,0,0,0,0,0,0,0,0,0,0,0,0,0,0,0,0,0,0,0,0,0,0,0,0,0,0,1,0,0,0
0.0,1.0,1.0,1.0,5,12,3,5,4,10,16,17,2,0,0,0,14-15,1,0,0,1,0,0,0,0,0,0,0,0,0,0,0,0,0,0,0,0,0,0,0,0,0,0,0,0,0,0,0,0,0,0
1.0,1.0,0.0,1.0,21,10,8,2,9,4,14,17,0,1,0,0,14-15,1,0,0,0,0,0,0,0,0,0,0,0,0,0,0,0,0,0,0,0,0,0,0,0,0,0,1,0,0,0,0,0,0,0
0.0,0.0,2.0,0.0,12,11,4,3,4,2,15,15,2,3,1,1,14-15,1,0,0,0,0,0,0,0,0,0,0,0,0,0,0,0,0,0,0,1,0,0,0,0,0,0,0,0,0,0,0,0,0,0
1.0,1.0,1.0,1.0,13,8,6,1,6,1,14,18,2,3,0,1,14-15,1,0,0,0,0,0,0,0,0,0,0,1,0,0,0,0,0,0,0,0,0,0,0,0,0,0,0,0,0,0,0,0,0,0
1.0,0.0,1.0,0.0,23,6,7,3,7,4,6,12,1,2,0,0,14-15,1,0,0,0,0,0,0,0,0,0,0,0,0,0,0,0,0,0,0,0,0,0,0,0,1,0,0,0,0,0,0,0,0,0
1.0,1.0,0.0,1.0,22,8,1,3,8,4,11,17,0,2,0,0,14-15,1,0,0,0,0,0,0,0,0,0,0,0,0,0,0,0,0,0,0,0,0,0,0,0,0,0,0,0,0,0,0,0,0,1
0.0,0.0,1.0,0.0,8,9,2,5,4,2,17,22,1,2,0,0,14-15,1,0,0,0,0,0,0,0,0,0,0,0,0,0,0,0,0,0,0,0,0,0,0,1,0,0,0,0,0,0,0,0,0,0
1.0,2.0,0.0,1.0,11,18,3,2,4,6,10,11,0,2,0,0,14-15,1,0,0,0,0,0,0,0,0,0,0,0,0,0,0,0,0,0,0,0,0,0,0,0,0,0,0,0,1,0,0,0,0,0
0.0,0.0,1.0,0.0,9,13,5,5,8,2,12,13,4,2,1,0,14-15,1,0,0,0,0,0,0,0,0,0,0,0,0,0,0,0,1,0,0,0,0,0,0,0,0,0,0,0,0,0,0,0,0,0
1.0,0.0,0.0,1.0,18,12,6,4,2,5,15,14,1,3,0,0,14-15,1,0,0,0,0,0,0,0,0,0,0,0,1,0,0,0,0,0,0,0,0,0,0,0,0,0,0,0,0,0,0,0,0,0
0.0,0.0,0.0,1.0,9,14,3,5,6,2,20,15,2,3,0,0,15-16,1,0,0,0,0,0,0,0,0,0,0,0,0,0,0,0,0,0,0,0,0,1,0,0,0,0,0,0,0,0,0,0,0,0
1.0,2.0,0.0,1.0,18,11,6,4,8,5,9,13,0,2,0,0,15-16,1,0,0,0,0,0,0,0,0,0,0,0,0,0,0,0,0,1,0,0,0,0,0,0,0,0,0,0,0,0,0,0,0,0
1.0,1.0,1.0,1.0,12,13,4,4,6,8,13,15,1,2,0,0,15-16,1,0,0,0,0,0,0,0,0,0,0,0,0,0,0,0,0,0,0,0,1,0,0,0,0,0,0,0,0,0,0,0,0,0
0.0,0.0,0.0,1.0,6,17,1,9,3,4,17,11,1,1,0,0,15-16,1,0,0,1,0,0,0,0,0,0,0,0,0,0,0,0,0,0,0,0,0,0,0,0,0,0,0,0,0,0,0,0,0,0
0.0,0.0,1.0,0.0,11,16,5,6,8,4,14,16,2,1,0,0,15-16,1,0,0,0,0,0,0,0,0,1,0,0,0,0,0,0,0,0,0,0,0,0,0,0,0,0,0,0,0,0,0,0,0,0
0.0,0.0,3.0,0.0,16,14,5,8,4,4,19,17,2,1,0,0,15-16,1,0,0,0,0,0,0,0,0,0,0,0,0,0,0,0,0,0,0,0,0,0,0,0,0,0,0,0,0,0,0,0,1,0
1.0,1.0,0.0,1.0,12,8,5,0,4,3,24,22,2,3,0,1,15-16,1,0,0,0,0,0,0,0,0,0,0,0,0,0,0,0,0,0,0,0,0,0,0,0,0,0,0,0,0,0,0,0,0,1
1.0,2.0,0.0,1.0,14,15,8,5,3,7,23,17,4,2,0,1,15-16,1,0,0,0,0,0,0,0,0,0,0,1,0,0,0,0,0,0,0,0,0,0,0,0,0,0,0,0,0,0,0,0,0,0
1.0,0.0,0.0,1.0,6,11,4,2,5,2,11,12,1,1,0,0,15-16,1,0,0,0,0,0,0,0,0,0,0,0,0,0,0,0,0,0,0,0,0,0,0,0,0,0,0,0,0,0,1,0,0,0
1.0,1.0,0.0,1.0,13,12,2,7,8,4,13,11,0,2,0,0,15-16,1,0,0,0,0,0,0,0,0,0,0,0,0,0,0,0,0,0,0,0,0,0,0,0,1,0,0,0,0,0,0,0,0,0
1.0,1.0,0.0,1.0,11,14,4,3,5,7,7,17,3,1,0,0,15-16,1,0,0,0,0,0,0,0,0,0,0,0,0,0,0,0,0,0,0,0,0,0,0,0,0,0,0,0,1,0,0,0,0,0
1.0,2.0,0.0,1.0,14,12,7,4,1,12,16,18,1,1,0,0,15-16,1,0,0,0,0,0,0,0,0,0,0,0,0,0,0,0,0,0,0,0,0,0,0,1,0,0,0,0,0,0,0,0,0,0
1.0,0.0,0.0,1.0,11,15,4,3,3,1,17,18,0,5,1,0,15-16,1,0,0,0,0,0,0,0,1,0,0,0,0,0,0,0,0,0,0,0,0,0,0,0,0,0,0,0,0,0,0,0,0,0
1.0,2.0,2.0,1.0,19,14,7,5,4,3,19,12,1,2,0,0,15-16,1,0,1,0,0,0,0,0,0,0,0,0,0,0,0,0,0,0,0,0,0,0,0,0,0,0,0,0,0,0,0,0,0,0
0.0,1.0,0.0,1.0,18,12,7,4,6,7,12,11,1,2,0,0,15-16,1,0,0,0,0,0,0,0,0,0,0,0,1,0,0,0,0,0,0,0,0,0,0,0,0,0,0,0,0,0,0,0,0,0
1.0,0.0,0.0,1.0,12,7,4,4,6,4,19,29,0,3,0,0,15-16,1,0,0,0,0,0,0,0,0,0,0,0,0,0,0,0,1,0,0,0,0,0,0,0,0,0,0,0,0,0,0,0,0,0
1.0,0.0,0.0,1.0,7,11,3,5,2,2,12,20,3,3,0,1,15-16,1,0,0,0,0,0,0,0,0,0,0,0,0,0,0,0,0,0,0,1,0,0,0,0,0,0,0,0,0,0,0,0,0,0
1.0,4.0,1.0,1.0,12,20,6,5,8,5,19,16,1,3,1,0,16-17,1,0,0,0,0,0,0,0,0,0,0,0,0,0,0,0,0,0,0,0,1,0,0,0,0,0,0,0,0,0,0,0,0,0
0.0,2.0,1.0,1.0,9,16,5,6,6,1,12,14,3,2,0,0,16-17,1,0,0,0,0,0,0,0,0,0,0,0,0,0,0,0,0,0,0,0,0,0,0,1,0,0,0,0,0,0,0,0,0,0
1.0,1.0,0.0,1.0,13,12,5,4,7,7,19,19,3,1,0,0,16-17,1,0,0,0,0,0,0,0,1,0,0,0,0,0,0,0,0,0,0,0,0,0,0,0,0,0,0,0,0,0,0,0,0,0
1.0,0.0,0.0,1.0,17,5,8,2,5,0,14,8,1,0,0,1,16-17,1,0,0,0,0,0,0,0,0,0,0,0,0,0,0,0,0,0,0,0,0,1,0,0,0,0,0,0,0,0,0,0,0,0
1.0,2.0,0.0,1.0,11,24,6,11,3,5,21,21,4,3,0,0,16-17,1,0,0,0,0,0,0,0,0,0,0,0,0,0,1,0,0,0,0,0,0,0,0,0,0,0,0,0,0,0,0,0,0,0
0.0,1.0,2.0,0.0,9,15,3,6,1,5,12,13,3,2,0,0,16-17,1,0,0,1,0,0,0,0,0,0,0,0,0,0,0,0,0,0,0,0,0,0,0,0,0,0,0,0,0,0,0,0,0,0
1.0,1.0,1.0,1.0,19,10,8,3,6,6,12,15,2,3,0,0,16-17,1,0,0,0,0,0,0,0,0,0,0,0,0,0,0,0,1,0,0,0,0,0,0,0,0,0,0,0,0,0,0,0,0,0
1.0,0.0,0.0,1.0,12,9,5,3,5,5,12,10,1,1,0,0,16-17,1,0,0,0,0,0,0,0,0,0,0,0,1,0,0,0,0,0,0,0,0,0,0,0,0,0,0,0,0,0,0,0,0,0
1.0,0.0,1.0,0.0,9,13,1,4,2,4,13,13,2,1,0,0,16-17,1,0,0,0,0,0,0,0,0,1,0,0,0,0,0,0,0,0,0,0,0,0,0,0,0,0,0,0,0,0,0,0,0,0
1.0,1.0,0.0,1.0,8,10,4,6,6,2,10,15,1,3,0,0,16-17,1,0,1,0,0,0,0,0,0,0,0,0,0,0,0,0,0,0,0,0,0,0,0,0,0,0,0,0,0,0,0,0,0,0
0.0,0.0,2.0,0.0,13,8,5,4,7,6,14,10,3,4,0,0,16-17,1,0,0,0,0,0,0,0,0,0,0,0,0,0,0,0,0,0,0,0,0,0,0,0,0,0,0,0,0,0,0,0,1,0
1.0,1.0,1.0,1.0,10,7,2,5,4,6,15,12,0,0,0,0,16-17,1,0,0,0,0,0,0,0,0,0,0,0,0,0,0,0,0,0,0,0,0,0,0,0,0,0,0,0,0,0,0,0,0,1
0.0,0.0,0.0,1.0,18,9,5,5,10,4,10,15,2,4,0,0,16-17,1,0,0,0,0,0,0,0,0,0,0,0,0,0,0,0,0,0,0,0,0,0,0,0,0,0,0,0,1,0,0,0,0,0
0.0,0.0,0.0,1.0,18,15,3,7,8,3,16,20,6,4,1,0,16-17,1,0,0,0,0,0,0,0,0,0,0,0,0,0,0,0,0,0,0,0,0,0,0,0,0,0,0,1,0,0,0,0,0,0
1.0,1.0,0.0,1.0,17,6,3,2,7,3,10,18,1,3,0,0,16-17,1,0,0,0,0,0,0,0,0,0,0,0,0,0,0,0,0,0,0,1,0,0,0,0,0,0,0,0,0,0,0,0,0,0
0.0,0.0,1.0,0.0,17,13,8,5,8,3,9,15,1,1,0,0,16-17,1,0,0,0,0,0,0,0,0,0,0,0,0,0,0,0,0,0,0,0,0,0,0,0,1,0,0,0,0,0,0,0,0,0
1.0,0.0,1.0,0.0,21,6,8,4,7,0,16,22,4,4,0,0,16-17,1,0,0,0,0,0,0,0,0,0,0,1,0,0,0,0,0,0,0,0,0,0,0,0,0,0,0,0,0,0,0,0,0,0
0.0,0.0,0.0,1.0,14,6,6,2,13,1,18,14,3,5,0,0,17-18,1,0,0,0,0,0,0,0,0,0,0,0,0,0,0,0,0,1,0,0,0,0,0,0,0,0,0,0,0,0,0,0,0,0
1.0,1.0,1.0,1.0,14,13,5,2,1,3,16,15,2,2,0,0,17-18,1,0,0,0,0,0,0,0,0,0,0,0,0,0,0,0,0,0,0,0,0,0,0,1,0,0,0,0,0,0,0,0,0,0
0.0,2.0,2.0,1.0,20,18,6,6,5,11,9,13,3,3,0,0,17-18,1,0,0,0,0,0,0,0,0,0,0,0,0,0,0,0,0,0,0,0,1,0,0,0,0,0,0,0,0,0,0,0,0,0
1.0,0.0,0.0,1.0,8,4,3,1,4,1,22,22,3,3,0,1,17-18,1,0,0,0,0,0,0,0,0,0,0,0,0,0,0,0,0,0,0,1,0,0,0,0,0,0,0,0,0,0,0,0,0,0
1.0,1.0,1.0,1.0,14,9,4,2,4,2,14,17,1,1,0,0,17-18,1,0,0,0,0,0,0,0,0,0,0,0,0,0,0,0,1,0,0,0,0,0,0,0,0,0,0,0,0,0,0,0,0,0
1.0,0.0,1.0,0.0,7,8,3,3,5,5,15,21,0,2,0,0,17-18,1,0,0,0,0,0,0,0,0,0,0,1,0,0,0,0,0,0,0,0,0,0,0,0,0,0,0,0,0,0,0,0,0,0
1.0,1.0,0.0,1.0,12,11,3,0,0,3,12,15,0,2,1,0,17-18,1,0,0,0,0,0,0,0,0,0,0,0,1,0,0,0,0,0,0,0,0,0,0,0,0,0,0,0,0,0,0,0,0,0
0.0,0.0,2.0,0.0,16,10,5,4,4,3,17,13,4,1,0,0,17-18,1,0,1,0,0,0,0,0,0,0,0,0,0,0,0,0,0,0,0,0,0,0,0,0,0,0,0,0,0,0,0,0,0,0
0.0,0.0,0.0,1.0,13,15,0,6,2,6,14,6,0,0,0,0,17-18,1,0,0,0,0,0,0,0,0,1,0,0,0,0,0,0,0,0,0,0,0,0,0,0,0,0,0,0,0,0,0,0,0,0
1.0,1.0,1.0,1.0,21,8,12,5,7,3,9,8,2,4,0,0,17-18,1,0,0,0,0,0,0,0,0,0,0,0,0,0,0,0,0,0,0,0,0,0,0,0,0,0,0,0,0,0,1,0,0,0
0.0,0.0,2.0,0.0,16,13,4,6,3,5,10,15,0,3,0,0,17-18,1,0,0,1,0,0,0,0,0,0,0,0,0,0,0,0,0,0,0,0,0,0,0,0,0,0,0,0,0,0,0,0,0,0
1.0,1.0,1.0,1.0,13,8,4,2,2,3,12,13,0,0,0,0,17-18,1,0,0,0,0,0,0,0,0,0,0,0,0,0,0,0,0,0,0,0,0,0,0,0,0,0,0,0,0,0,0,0,0,1
0.0,0.0,0.0,1.0,16,6,4,2,5,6,12,17,2,2,0,0,17-18,1,0,0,0,0,0,0,0,0,0,0,0,0,0,0,0,0,0,0,0,0,0,0,0,0,0,0,0,1,0,0,0,0,0
1.0,0.0,0.0,1.0,14,11,5,2,7,6,14,8,0,1,0,0,17-18,1,0,0,0,0,0,0,0,0,0,0,0,0,0,0,0,0,0,0,0,0,0,0,0,1,0,0,0,0,0,0,0,0,0
1.0,1.0,0.0,1.0,14,11,3,0,4,4,16,10,1,2,0,0,17-18,1,0,0,0,0,0,0,0,0,0,0,0,0,0,1,0,0,0,0,0,0,0,0,0,0,0,0,0,0,0,0,0,0,0
1.0,1.0,0.0,1.0,16,6,9,1,7,8,24,9,2,4,0,1,17-18,1,0,0,0,0,0,0,0,0,0,0,0,0,0,0,0,0,0,0,0,0,0,0,0,0,0,0,1,0,0,0,0,0,0
0.0,1.0,1.0,1.0,13,14,1,3,3,7,10,6,0,1,0,0,17-18,1,0,0,0,0,0,0,0,0,0,0,0,0,0,0,0,0,0,0,0,0,0,0,0,0,0,0,0,0,0,0,0,1,0
1.0,0.0,0.0,1.0,8,12,3,3,6,3,15,6,1,2,0,0,18-19,1,0,0,0,0,0,0,0,0,0,0,0,0,0,0,0,0,0,0,0,0,0,0,0,0,0,0,0,0,0,1,0,0,0
1.0,0.0,0.0,1.0,22,13,7,4,5,4,9,16,1,2,0,0,18-19,1,0,1,0,0,0,0,0,0,0,0,0,0,0,0,0,0,0,0,0,0,0,0,0,0,0,0,0,0,0,0,0,0,0
1.0,0.0,0.0,1.0,11,12,2,4,5,11,13,15,1,2,0,0,18-19,1,0,0,0,0,0,0,0,0,0,0,0,0,0,0,0,0,0,0,0,0,0,0,0,0,0,0,0,0,0,0,0,0,1
1.0,0.0,0.0,1.0,23,11,3,1,5,6,12,9,0,2,0,0,18-19,1,0,0,0,0,0,0,0,0,0,0,0,0,0,0,0,0,0,0,1,0,0,0,0,0,0,0,0,0,0,0,0,0,0
0.0,0.0,1.0,0.0,6,21,1,5,2,7,13,6,3,1,0,0,18-19,1,0,0,1,0,0,0,0,0,0,0,0,0,0,0,0,0,0,0,0,0,0,0,0,0,0,0,0,0,0,0,0,0,0
1.0,1.0,0.0,1.0,13,14,6,4,3,6,7,8,0,2,0,0,18-19,1,0,0,0,0,0,0,0,0,0,0,0,0,0,0,0,0,0,0,0,0,0,0,0,0,0,0,0,0,0,0,0,1,0
0.0,0.0,0.0,1.0,15,11,7,7,6,5,9,11,2,1,0,0,18-19,1,0,0,0,0,0,0,0,0,1,0,0,0,0,0,0,0,0,0,0,0,0,0,0,0,0,0,0,0,0,0,0,0,0
1.0,0.0,1.0,0.0,28,11,5,3,9,1,12,9,4,3,0,1,18-19,1,0,0,0,0,0,0,0,0,0,0,0,0,0,0,0,0,1,0,0,0,0,0,0,0,0,0,0,0,0,0,0,0,0
1.0,2.0,2.0,1.0,17,12,6,4,3,2,13,15,3,3,0,0,18-19,1,0,0,0,0,0,0,0,0,0,0,1,0,0,0,0,0,0,0,0,0,0,0,0,0,0,0,0,0,0,0,0,0,0
1.0,1.0,1.0,1.0,20,8,4,3,5,5,12,16,3,1,0,0,18-19,1,0,0,0,0,0,0,0,0,0,0,0,0,0,0,0,0,0,0,0,0,0,0,0,0,1,0,0,0,0,0,0,0,0
0.0,1.0,4.0,0.0,15,18,2,7,4,4,13,5,3,1,0,0,18-19,1,0,0,0,0,0,0,0,0,0,0,0,0,0,0,0,0,0,0,0,0,0,0,1,0,0,0,0,0,0,0,0,0,0
1.0,1.0,0.0,1.0,21,10,6,3,1,3,10,15,4,2,0,0,18-19,1,0,0,0,0,0,0,0,0,0,0,0,0,0,0,0,0,0,0,0,0,0,0,0,0,0,0,0,1,0,0,0,0,0
0.0,0.0,0.0,1.0,15,11,2,4,2,6,12,4,2,0,0,0,18-19,1,0,0,0,0,0,0,0,0,0,0,0,0,0,0,0,0,0,0,0,0,0,0,0,1,0,0,0,0,0,0,0,0,0
1.0,3.0,0.0,1.0,9,17,5,5,2,7,17,7,3,1,0,0,18-19,1,0,0,0,0,0,0,0,0,0,0,0,0,0,1,0,0,0,0,0,0,0,0,0,0,0,0,0,0,0,0,0,0,0
1.0,1.0,1.0,1.0,21,17,5,7,3,7,10,14,0,3,0,0,18-19,1,0,0,0,0,0,0,0,0,0,0,0,0,1,0,0,0,0,0,0,0,0,0,0,0,0,0,0,0,0,0,0,0,0
1.0,1.0,2.0,0.0,14,15,6,5,6,4,14,12,1,1,0,0,18-19,1,0,0,0,0,0,0,0,0,0,0,0,0,0,0,0,0,0,0,0,0,0,0,0,0,0,0,1,0,0,0,0,0,0
1.0,0.0,2.0,0.0,22,19,12,7,8,5,17,9,2,4,0,1,18-19,1,0,0,0,0,0,0,0,0,0,0,0,0,0,0,0,0,0,0,0,1,0,0,0,0,0,0,0,0,0,0,0,0,0
0.0,1.0,1.0,1.0,21,15,4,6,3,5,12,14,2,2,0,0,19-20,1,0,0,0,0,0,0,0,0,0,0,0,0,0,0,0,0,0,0,0,0,0,0,0,1,0,0,0,0,0,0,0,0,0
1.0,1.0,0.0,1.0,14,16,5,8,6,3,16,11,2,2,0,0,19-20,1,0,0,0,0,0,0,0,0,0,0,0,0,0,0,0,0,0,0,1,0,0,0,0,0,0,0,0,0,0,0,0,0,0
0.0,0.0,1.0,0.0,15,4,5,3,10,1,9,15,2,3,0,0,19-20,1,0,0,0,0,0,0,0,0,0,0,0,0,0,0,0,0,0,0,0,0,0,0,0,0,0,0,0,0,0,0,0,0,1
1.0,1.0,1.0,1.0,18,16,6,8,5,10,20,9,2,2,0,0,19-20,1,0,0,0,0,0,0,0,0,0,0,0,1,0,0,0,0,0,0,0,0,0,0,0,0,0,0,0,0,0,0,0,0,0
0.0,0.0,2.0,0.0,18,14,5,4,3,2,15,15,1,4,0,0,19-20,1,0,0,0,0,0,0,0,0,0,0,0,0,0,0,0,0,0,0,0,0,0,0,0,0,0,0,0,0,0,0,1,0,0
1.0,0.0,1.0,0.0,18,14,8,4,8,6,13,10,1,2,0,1,19-20,1,0,0,0,0,0,0,0,0,0,0,1,0,0,0,0,0,0,0,0,0,0,0,0,0,0,0,0,0,0,0,0,0,0
0.0,0.0,1.0,0.0,9,18,0,7,3,5,8,10,1,0,0,0,19-20,1,0,0,0,0,0,0,0,0,1,0,0,0,0,0,0,0,0,0,0,0,0,0,0,0,0,0,0,0,0,0,0,0,0
0.0,0.0,0.0,1.0,17,14,2,4,6,6,8,8,0,2,0,1,19-20,1,0,0,0,0,0,0,0,0,0,0,0,0,0,0,0,0,0,0,0,0,0,0,1,0,0,0,0,0,0,0,0,0,0
0.0,0.0,2.0,0.0,24,13,8,5,7,5,15,10,4,2,0,0,19-20,1,0,0,0,0,0,0,0,0,0,0,0,0,0,1,0,0,0,0,0,0,0,0,0,0,0,0,0,0,0,0,0,0,0
0.0,1.0,3.0,0.0,8,13,3,5,6,4,12,9,3,1,0,0,19-20,1,0,0,1,0,0,0,0,0,0,0,0,0,0,0,0,0,0,0,0,0,0,0,0,0,0,0,0,0,0,0,0,0,0
1.0,0.0,0.0,1.0,15,8,5,3,3,6,7,11,2,2,0,0,19-20,1,0,0,0,0,0,0,0,0,0,0,0,0,0,0,0,0,0,0,0,0,0,0,0,0,0,0,0,1,0,0,0,0,0
1.0,2.0,0.0,1.0,8,9,3,4,5,8,5,15,1,3,0,0,19-20,1,0,0,0,0,0,0,0,0,0,0,0,0,0,0,0,0,0,0,0,0,0,0,0,0,0,1,0,0,0,0,0,0,0
1.0,0.0,0.0,1.0,3,20,1,5,1,8,17,10,3,1,1,0,19-20,1,0,0,0,0,0,0,0,0,0,0,0,0,1,0,0,0,0,0,0,0,0,0,0,0,0,0,0,0,0,0,0,0,0
0.0,0.0,3.0,0.0,4,21,1,9,5,4,13,11,3,3,0,0,19-20,1,0,0,0,0,0,0,0,0,0,0,0,0,0,0,0,0,0,0,0,0,0,0,0,0,0,0,1,0,0,0,0,0,0
0.0,0.0,1.0,0.0,18,13,2,6,10,7,18,14,4,3,0,0,19-20,1,0,0,0,0,0,0,0,0,0,0,0,0,0,0,0,0,0,0,0,1,0,0,0,0,0,0,0,0,0,0,0,0,0
0.0,0.0,1.0,0.0,18,9,4,3,9,5,8,14,2,4,0,0,19-20,1,0,1,0,0,0,0,0,0,0,0,0,0,0,0,0,0,0,0,0,0,0,0,0,0,0,0,0,0,0,0,0,0,0
1.0,2.0,0.0,1.0,21,19,12,6,7,8,12,15,2,3,0,0,19-20,1,0,0,0,0,0,0,0,0,0,0,0,0,0,0,0,0,0,0,0,0,0,0,0,0,0,0,0,0,0,0,0,1,0
0.0,1.0,1.0,1.0,11,15,3,7,3,9,10,17,2,4,1,1,20-21,1,0,0,0,0,0,0,0,0,0,0,0,0,0,0,0,0,0,0,0,0,0,0,0,0,0,0,0,0,0,1,0,0,0
0.0,0.0,1.0,0.0,5,9,0,4,6,2,12,6,3,1,0,0,20-21,1,0,0,0,0,0,0,0,0,0,0,0,0,0,0,0,0,0,0,0,0,0,0,1,0,0,0,0,0,0,0,0,0,0
0.0,2.0,1.0,1.0,15,21,7,12,3,7,18,11,5,3,0,0,20-21,1,0,0,0,0,0,0,0,0,0,0,0,0,0,0,0,0,0,0,0,0,0,0,0,1,0,0,0,0,0,0,0,0,0
1.0,2.0,1.0,1.0,14,22,7,3,4,9,19,13,1,1,0,0,20-21,1,0,0,0,0,0,0,0,0,0,0,0,0,0,0,0,0,0,0,0,0,0,0,0,0,0,0,0,1,0,0,0,0,0
1.0,1.0,0.0,1.0,10,9,4,5,11,5,16,10,0,0,0,1,20-21,1,0,0,0,0,0,0,0,0,0,0,0,0,0,0,0,0,0,0,0,1,0,0,0,0,0,0,0,0,0,0,0,0,0
0.0,0.0,0.0,1.0,15,9,4,6,5,3,15,11,4,4,0,1,20-21,1,0,0,0,0,0,0,0,0,0,0,0,1,0,0,0,0,0,0,0,0,0,0,0,0,0,0,0,0,0,0,0,0,0
0.0,0.0,0.0,1.0,9,13,1,7,2,5,15,11,2,2,0,0,20-21,1,0,0,0,0,0,0,0,0,0,0,0,0,0,0,0,0,0,0,0,0,0,0,0,0,0,0,0,0,0,0,0,1,0
0.0,0.0,1.0,0.0,8,15,0,7,3,7,17,15,2,1,0,0,20-21,1,0,0,0,0,0,0,0,0,0,0,1,0,0,0,0,0,0,0,0,0,0,0,0,0,0,0,0,0,0,0,0,0,0
0.0,0.0,0.0,1.0,8,8,0,2,2,5,17,15,1,2,0,0,20-21,1,0,0,0,0,0,0,0,0,0,0,0,0,0,0,0,0,0,0,0,0,0,0,0,0,0,0,0,0,0,0,0,0,1
1.0,2.0,2.0,1.0,10,12,4,5,3,9,13,16,2,4,0,0,20-21,1,0,0,0,0,0,0,0,0,0,0,0,0,0,0,0,0,0,0,0,0,0,0,0,0,0,0,1,0,0,0,0,0,0
1.0,1.0,0.0,1.0,9,10,5,3,3,1,12,11,2,5,0,1,20-21,1,0,0,0,0,0,0,0,0,0,0,0,0,0,0,0,0,0,0,0,0,0,0,0,0,0,0,0,0,0,0,1,0,0
0.0,0.0,1.0,0.0,10,8,5,3,5,3,9,7,1,2,0,0,20-21,1,0,1,0,0,0,0,0,0,0,0,0,0,0,0,0,0,0,0,0,0,0,0,0,0,0,0,0,0,0,0,0,0,0
1.0,0.0,0.0,1.0,10,13,7,3,0,4,25,15,1,3,0,0,20-21,1,0,0,0,0,0,0,0,0,0,0,0,0,0,1,0,0,0,0,0,0,0,0,0,0,0,0,0,0,0,0,0,0,0
1.0,0.0,0.0,1.0,12,9,5,2,2,3,27,10,4,1,0,0,20-21,1,0,0,0,1,0,0,0,0,0,0,0,0,0,0,0,0,0,0,0,0,0,0,0,0,0,0,0,0,0,0,0,0,0
1.0,2.0,0.0,1.0,8,17,4,4,2,3,12,15,3,4,0,0,20-21,1,0,0,1,0,0,0,0,0,0,0,0,0,0,0,0,0,0,0,0,0,0,0,0,0,0,0,0,0,0,0,0,0,0
1.0,1.0,1.0,1.0,16,7,9,5,6,4,18,13,2,3,0,0,20-21,1,0,0,0,0,0,0,0,0,0,0,0,0,0,0,0,0,0,0,1,0,0,0,0,0,0,0,0,0,0,0,0,0,0
0.0,0.0,2.0,0.0,9,13,5,4,4,2,9,11,0,0,0,0,20-21,1,0,0,0,0,0,0,0,0,1,0,0,0,0,0,0,0,0,0,0,0,0,0,0,0,0,0,0,0,0,0,0,0,0
1.0,1.0,0.0,1.0,7,15,2,2,5,11,10,8,1,2,0,0,21-22,1,0,0,0,0,0,0,0,0,0,0,0,0,0,0,0,0,0,0,0,0,0,0,0,0,0,0,1,0,0,0,0,0,0
1.0,2.0,0.0,1.0,17,8,9,1,7,4,21,14,2,2,0,0,21-22,1,0,0,0,0,0,0,0,0,0,0,0,0,0,0,1,0,0,0,0,0,0,0,0,0,0,0,0,0,0,0,0,0,0
1.0,0.0,0.0,1.0,10,7,3,2,4,4,18,16,2,1,0,0,21-22,1,0,0,0,0,0,0,0,0,0,0,0,0,0,1,0,0,0,0,0,0,0,0,0,0,0,0,0,0,0,0,0,0,0
0.0,1.0,0.0,1.0,11,15,4,3,2,5,15,6,2,4,1,0,21-22,1,0,0,0,0,0,0,0,0,0,0,0,0,0,0,0,0,0,0,0,0,0,0,0,0,0,0,0,0,0,0,1,0,0
1.0,3.0,0.0,1.0,19,6,8,2,6,2,9,11,1,3,0,0,21-22,1,0,1,0,0,0,0,0,0,0,0,0,0,0,0,0,0,0,0,0,0,0,0,0,0,0,0,0,0,0,0,0,0,0
1.0,0.0,1.0,0.0,19,11,8,5,9,1,15,8,3,3,0,0,21-22,1,0,0,0,0,0,0,0,0,0,0,0,0,0,0,0,0,0,0,0,0,0,0,0,1,0,0,0,0,0,0,0,0,0
1.0,1.0,0.0,1.0,11,12,2,6,5,7,18,7,2,1,0,0,21-22,1,0,0,0,0,0,0,0,0,0,0,0,1,0,0,0,0,0,0,0,0,0,0,0,0,0,0,0,0,0,0,0,0,0
1.0,2.0,0.0,1.0,12,16,5,0,6,5,18,10,1,1,0,0,21-22,1,0,0,0,0,0,0,0,0,0,0,0,0,0,0,0,0,0,0,0,0,0,0,0,0,0,0,0,0,0,0,0,0,1
1.0,2.0,0.0,1.0,21,7,11,1,4,1,10,14,0,2,0,0,21-22,1,0,0,0,0,0,0,0,0,0,0,0,0,0,0,0,0,0,0,1,0,0,0,0,0,0,0,0,0,0,0,0,0,0
1.0,0.0,0.0,1.0,20,12,5,3,7,3,19,14,3,3,0,0,21-22,1,0,0,0,0,1,0,0,0,0,0,0,0,0,0,0,0,0,0,0,0,0,0,0,0,0,0,0,0,0,0,0,0,0
1.0,0.0,0.0,1.0,9,12,4,2,5,3,12,13,0,2,0,0,21-22,1,0,0,0,0,0,0,0,0,0,0,0,0,0,0,0,0,0,0,0,1,0,0,0,0,0,0,0,0,0,0,0,0,0
1.0,0.0,1.0,0.0,17,8,5,6,6,2,15,13,2,2,0,0,21-22,1,0,0,0,0,0,0,0,0,0,0,0,0,0,0,0,0,0,0,0,0,0,0,1,0,0,0,0,0,0,0,0,0,0
0.0,0.0,0.0,1.0,10,11,1,4,5,5,18,10,3,4,0,0,21-22,1,0,0,0,0,0,0,0,0,1,0,0,0,0,0,0,0,0,0,0,0,0,0,0,0,0,0,0,0,0,0,0,0,0
1.0,1.0,0.0,1.0,14,6,6,0,6,1,10,14,1,0,0,0,21-22,1,0,0,0,1,0,0,0,0,0,0,0,0,0,0,0,0,0,0,0,0,0,0,0,0,0,0,0,0,0,0,0,0,0
1.0,0.0,0.0,1.0,9,6,0,3,5,3,17,12,0,1,0,0,21-22,1,0,0,0,0,0,0,0,0,0,0,0,0,0,0,0,0,0,0,0,0,0,0,0,0,0,0,0,0,0,1,0,0,0
1.0,2.0,1.0,1.0,24,4,7,1,7,8,11,11,0,4,0,0,21-22,1,0,0,1,0,0,0,0,0,0,0,0,0,0,0,0,0,0,0,0,0,0,0,0,0,0,0,0,0,0,0,0,0,0
1.0,1.0,2.0,0.0,13,13,4,4,5,3,7,11,2,0,0,0,21-22,1,0,0,0,0,0,0,0,0,0,0,1,0,0,0,0,0,0,0,0,0,0,0,0,0,0,0,0,0,0,0,0,0,0
